,Datum,Št. ponesrečencev,PoskodbaVrstaNACA,Dejavnost_alpsko smučanje,Dejavnost_druge športne in rekreacijske aktivnosti,Dejavnost_gorsko kolesarjenje,Dejavnost_planinstvo - brezpotje,Dejavnost_planinstvo - hoja po poti,Dejavnost_plezanje,Dejavnost_turno smučanje,Temp_tisti_dan,Temp_prejsni_dan,Temp_preprejsni_dan,Kolicina_dezja_tisti_dan,Kolicina_dezja_prejsni_dan,Kolicina_dezja_preprejsni_dan,Snezenje_cm_tisti_dan,Snezenje_cm_prejsni_dan,Snezenje_cm_preprejsni_dan,HeliStCiklov,latitude,longitude,Postaja_GRS BOVEC,Postaja_GRS CELJE,Postaja_GRS JESENICE,Postaja_GRS JEZERSKO,Postaja_GRS KAMNIK,Postaja_GRS KOROŠKE,Postaja_GRS KRANJ,Postaja_GRS KRANJSKA GORA,Postaja_GRS LJUBLJANA,Postaja_GRS MARIBOR,Postaja_GRS MOJSTRANA,Postaja_GRS RADOVLJICA,Postaja_GRS TOLMIN,Postaja_GRS TRŽIČ,Vzrok_drugo (Aktivnosti na snegu),Vzrok_drugo (Izguba opreme),Vzrok_drugo (Izguba zavesti),Vzrok_drugo (Neprimerna oprema),Vzrok_drugo (Obstala na snežišču),Vzrok_drugo (Padec očal ),Vzrok_drugo (Padec tovarisa),Vzrok_drugo (Premehka podlaga),Vzrok_drugo (Spremljevalec poškodovanke),Vzrok_drugo (Spremljevalka poškodovanke),Vzrok_drugo (izguba kontrole nad sanmi),Vzrok_drugo (močna nevihta),Vzrok_drugo (močne nevihte),Vzrok_drugo (napad živali),Vzrok_drugo (ni bilo nic narobe z njim),Vzrok_drugo (nič),Vzrok_drugo (obstali so na snežišču),Vzrok_drugo (otrok (zašla mama)),Vzrok_drugo (padec s kolesom),Vzrok_drugo (padec soplezalca),Vzrok_drugo (piki ose),Vzrok_drugo (podcenjevanje vremenske napovedi),Vzrok_drugo (prezahtevna sprehajalna pot),Vzrok_drugo (prisoten ob nesreči),Vzrok_drugo (reševanje otroka),Vzrok_drugo (sneg na poti),Vzrok_drugo (spremljevalec poškodovanke),Vzrok_drugo (stresna reakcija),Vzrok_drugo (zahteven teren),Vzrok_drugo (zdrs pri sankanju),Vzrok_drugo (zmrznjen čevelj),Vzrok_drugo (Šok),"Vzrok_drugo (Šok, zmedenost )",Vzrok_izčrpanost,Vzrok_padajoče kamenje,Vzrok_padec,Vzrok_plaz,Vzrok_strela,Vzrok_zakasnitev,Vzrok_zašel,Izkušenost_drugo,Izkušenost_gorski vodnik,Izkušenost_planinec nečlan PD,Izkušenost_planinec-član PD,Izkušenost_planinski vodnik,Izkušenost_reševalec,Izkušenost_turist
0,2022-06-17,0.0,0.0,0.0,0.0,0.0,0.0,1.0,0.0,0.0,19.5,19.6,18.9,0.6,9.6,0.1,0.0,0.0,0.0,1.0,46.43028,14.10333,False,False,False,False,False,False,False,False,False,False,False,False,False,False,False,False,False,False,False,False,False,False,False,False,False,False,False,False,False,False,False,False,False,False,False,False,False,False,False,False,False,False,False,False,False,False,False,False,False,False,False,False,False,False,False,False,False,False,False,False,False
1,2022-07-31,2.0,2.0,0.0,0.0,0.0,0.0,1.0,0.0,0.0,13.3,12.4,14.7,0.0,8.9,0.5,0.0,0.0,0.0,2.0,46.28973235,13.74725055,False,False,False,False,False,False,False,False,False,False,False,False,False,False,False,False,False,False,False,False,False,False,False,False,False,False,False,False,False,False,False,False,False,False,False,False,False,False,False,False,False,False,False,False,False,False,False,True,False,False,False,False,False,False,False,False,False,False,False,False,True
2,2022-07-31,2.0,2.0,0.0,0.0,0.0,0.0,1.0,0.0,0.0,13.3,12.4,14.7,0.0,8.9,0.5,0.0,0.0,0.0,2.0,46.28973235,13.74725055,False,False,False,False,False,False,False,False,False,False,False,False,False,False,False,False,False,False,False,False,False,False,False,False,False,False,False,False,False,False,False,False,False,False,False,False,False,False,False,False,False,False,False,False,False,False,False,True,False,False,False,False,False,False,False,False,False,False,False,False,True
3,2023-07-14,1.0,3.0,0.0,0.0,0.0,0.0,1.0,0.0,0.0,15.1,14.1,18.2,0.0,34.9,4.1,0.0,0.0,0.0,4.0,46.457057750000004,13.8183385,False,False,False,False,False,False,False,False,False,False,False,False,False,False,False,False,False,False,False,False,False,False,False,False,False,False,False,False,False,False,False,False,False,False,False,False,False,False,False,False,False,False,False,False,False,False,False,False,False,True,False,False,False,False,False,False,False,True,False,False,False
4,2023-09-12,1.0,1.0,0.0,0.0,0.0,0.0,1.0,0.0,0.0,18.3,19.1,18.2,0.0,0.0,0.0,0.0,0.0,0.0,1.0,46.3513803,14.8881427,False,False,False,False,False,False,False,False,False,False,False,False,False,False,False,False,False,False,False,False,False,False,False,False,False,False,False,False,False,False,False,False,False,False,False,False,False,False,False,False,False,False,False,False,False,False,False,False,False,True,False,False,False,False,False,False,False,False,False,False,True
5,2024-02-14,1.0,2.0,0.0,0.0,0.0,0.0,0.0,0.0,1.0,-0.8,-2.7,-1.3,0.0,0.0,0.9,0.0,0.0,0.49,1.0,46.2877227,13.763360578565829,False,False,False,False,False,False,False,False,False,False,False,False,False,False,False,False,False,False,False,False,False,False,False,False,False,False,False,False,False,False,False,False,False,False,False,False,False,False,False,False,False,False,False,False,False,False,False,False,False,False,False,False,False,False,False,False,True,False,False,False,False
6,2024-02-27,1.0,2.0,0.0,0.0,0.0,0.0,0.0,0.0,1.0,1.0,-1.2,-1.7,7.1,0.1,0.3,2.17,0.0,1.19,3.0,46.3441471,13.9218914,False,False,False,False,False,False,False,False,False,False,False,False,False,False,False,False,False,False,False,False,False,False,False,False,False,False,False,False,False,False,False,False,False,False,False,False,False,False,False,False,False,False,False,False,False,False,False,False,False,True,False,False,False,False,False,False,False,False,False,False,False
7,2024-03-15,2.0,3.0,0.0,0.0,0.0,0.0,1.0,0.0,0.0,8.0,6.9,5.7,0.0,0.0,0.0,0.0,0.0,0.0,2.0,46.293357,13.888238,False,False,False,False,False,False,False,False,False,False,False,False,False,False,False,False,False,False,False,False,False,False,False,False,False,False,False,False,False,False,False,False,False,False,False,False,False,False,False,False,False,False,False,False,False,False,False,False,False,True,False,False,False,False,False,False,False,False,False,False,True
8,2024-03-15,2.0,3.0,0.0,0.0,0.0,0.0,1.0,0.0,0.0,8.0,6.9,5.7,0.0,0.0,0.0,0.0,0.0,0.0,2.0,46.293357,13.888238,False,False,False,False,False,False,False,False,False,False,False,False,False,False,False,False,False,False,False,False,False,False,False,False,False,False,False,False,False,False,False,False,False,False,False,False,False,False,False,False,False,False,False,False,False,False,False,False,False,True,False,False,False,False,False,False,False,False,False,False,True
9,2024-03-15,2.0,3.0,0.0,0.0,0.0,0.0,1.0,0.0,0.0,8.0,6.9,5.7,0.0,0.0,0.0,0.0,0.0,0.0,2.0,46.293357,13.888238,False,False,False,False,False,False,False,False,False,False,False,False,False,False,False,False,False,False,False,False,False,False,False,False,False,False,False,False,False,False,False,False,False,False,False,False,False,False,True,False,False,False,False,False,False,False,False,False,False,False,False,False,False,False,False,False,False,False,False,False,True
10,2024-03-15,2.0,3.0,0.0,0.0,0.0,0.0,1.0,0.0,0.0,8.0,6.9,5.7,0.0,0.0,0.0,0.0,0.0,0.0,2.0,46.293357,13.888238,False,False,False,False,False,False,False,False,False,False,False,False,False,False,False,False,False,False,False,False,False,False,False,False,False,False,False,False,False,False,False,False,False,False,False,False,False,False,True,False,False,False,False,False,False,False,False,False,False,False,False,False,False,False,False,False,False,False,False,False,True
11,2024-03-16,2.0,0.0,0.0,0.0,0.0,0.0,1.0,0.0,0.0,10.1,10.4,9.5,0.7,0.0,0.0,0.0,0.0,0.0,4.0,46.190956,14.593213,False,False,False,False,False,False,False,False,False,False,False,False,False,False,False,False,False,False,False,False,False,False,False,False,False,False,False,False,False,False,False,False,False,False,False,False,False,False,False,False,False,False,False,False,False,False,False,False,False,False,False,False,False,True,False,False,False,False,False,False,True
12,2024-03-16,2.0,0.0,0.0,0.0,0.0,0.0,1.0,0.0,0.0,10.1,10.4,9.5,0.7,0.0,0.0,0.0,0.0,0.0,4.0,46.190956,14.593213,False,False,False,False,False,False,False,False,False,False,False,False,False,False,False,False,False,False,False,False,False,False,False,False,False,False,False,False,False,False,False,False,False,False,False,False,False,False,False,False,False,False,False,False,False,False,False,False,False,False,False,False,False,True,False,False,False,False,False,False,True
13,2024-03-23,1.0,2.0,0.0,1.0,0.0,0.0,0.0,0.0,0.0,3.1,4.6,4.5,2.2,0.0,3.8,8.89,0.0,0.0,0.0,46.3454355,13.9232078,False,False,False,False,False,False,False,False,False,False,False,False,False,False,False,False,False,False,False,False,False,False,False,False,False,False,False,False,False,False,False,False,False,False,False,False,False,False,False,False,False,False,False,False,False,False,False,False,False,True,False,False,False,False,True,False,False,False,False,False,False
14,2024-04-13,2.0,2.0,0.0,0.0,0.0,0.0,1.0,0.0,0.0,8.6,6.7,4.6,0.0,0.0,0.0,0.0,0.0,0.0,4.0,46.2311573,13.9316373,False,False,False,False,False,False,False,False,False,False,False,False,False,False,False,False,False,False,False,False,False,False,False,False,False,False,False,False,False,False,False,False,False,False,False,False,False,False,False,False,False,False,False,False,False,False,False,False,False,True,False,False,False,False,False,False,False,True,False,False,False
15,2024-04-13,2.0,2.0,0.0,0.0,0.0,0.0,1.0,0.0,0.0,8.6,6.7,4.6,0.0,0.0,0.0,0.0,0.0,0.0,4.0,46.2311573,13.9316373,False,False,False,False,False,False,False,False,False,False,False,False,False,False,False,False,False,False,False,False,False,False,False,False,False,False,False,False,False,False,False,False,False,False,False,False,False,False,False,False,False,False,False,False,False,False,False,False,False,True,False,False,False,False,False,False,False,True,False,False,False
16,2024-04-13,2.0,0.0,0.0,0.0,0.0,0.0,1.0,0.0,0.0,8.6,6.7,4.6,0.0,0.0,0.0,0.0,0.0,0.0,4.0,46.2311573,13.9316373,False,False,False,False,False,False,False,False,False,False,False,False,False,False,False,False,False,False,False,False,False,False,False,False,False,False,False,False,False,False,False,False,False,False,False,False,False,False,False,False,True,False,False,False,False,False,False,False,False,False,False,False,False,False,False,False,False,True,False,False,False
17,2024-04-13,2.0,0.0,0.0,0.0,0.0,0.0,1.0,0.0,0.0,8.6,6.7,4.6,0.0,0.0,0.0,0.0,0.0,0.0,4.0,46.2311573,13.9316373,False,False,False,False,False,False,False,False,False,False,False,False,False,False,False,False,False,False,False,False,False,False,False,False,False,False,False,False,False,False,False,False,False,False,False,False,False,False,False,False,True,False,False,False,False,False,False,False,False,False,False,False,False,False,False,False,False,True,False,False,False
18,2024-04-16,1.0,3.0,0.0,0.0,0.0,0.0,1.0,0.0,0.0,7.6,19.4,19.2,20.0,0.0,0.0,0.28,0.0,0.0,0.0,46.7076015,15.7879584,False,False,False,False,False,False,False,False,False,False,False,False,False,False,False,False,False,False,False,False,False,False,False,False,False,False,False,False,False,False,False,False,False,False,False,False,False,False,False,False,False,False,False,False,False,False,False,False,False,False,False,False,False,False,True,False,False,False,False,False,False
19,2024-05-05,4.0,0.0,0.0,0.0,0.0,0.0,1.0,0.0,0.0,13.0,13.1,10.0,0.0,0.8,11.2,0.0,0.0,0.0,3.0,45.924308,14.583872,False,False,False,False,False,False,False,False,False,False,False,False,False,False,False,False,False,False,False,False,False,False,False,False,False,False,False,False,False,False,False,False,False,False,False,False,False,False,False,False,False,False,False,False,False,False,False,True,False,False,False,False,False,False,False,False,False,False,False,False,True
20,2024-05-05,4.0,0.0,0.0,0.0,0.0,0.0,1.0,0.0,0.0,13.0,13.1,10.0,0.0,0.8,11.2,0.0,0.0,0.0,3.0,45.924308,14.583872,False,False,False,False,False,False,False,False,False,False,False,False,False,False,False,False,False,False,False,False,False,False,False,False,False,False,False,False,False,False,False,False,False,False,False,False,False,False,False,False,False,False,False,False,False,False,False,True,False,False,False,False,False,False,False,False,False,False,False,False,True
21,2024-05-05,4.0,0.0,0.0,0.0,0.0,0.0,1.0,0.0,0.0,13.0,13.1,10.0,0.0,0.8,11.2,0.0,0.0,0.0,3.0,45.924308,14.583872,False,False,False,False,False,False,False,False,False,False,False,False,False,False,False,False,False,False,False,False,False,False,False,False,False,False,False,False,False,False,False,False,False,False,False,False,False,False,False,False,False,False,False,False,False,False,False,True,False,False,False,False,False,False,False,False,False,False,False,False,True
22,2024-05-05,4.0,0.0,0.0,0.0,0.0,0.0,1.0,0.0,0.0,13.0,13.1,10.0,0.0,0.8,11.2,0.0,0.0,0.0,3.0,45.924308,14.583872,False,False,False,False,False,False,False,False,False,False,False,False,False,False,False,False,False,False,False,False,False,False,False,False,False,False,False,False,False,False,False,False,False,False,False,False,False,False,False,False,False,False,False,False,False,False,False,True,False,False,False,False,False,False,False,False,False,False,False,False,True
23,2024-05-20,4.0,0.0,0.0,0.0,0.0,0.0,1.0,0.0,0.0,6.2,3.8,2.8,0.1,0.0,0.4,0.0,0.0,0.0,5.0,46.34984135,13.797501885193912,False,False,False,False,False,False,False,False,False,False,False,False,False,False,False,False,False,False,False,False,False,False,False,False,False,False,False,False,False,False,False,False,False,False,False,False,False,False,False,False,False,False,False,False,False,False,False,True,False,False,False,False,False,False,False,False,False,False,False,False,True
24,2024-05-20,4.0,0.0,0.0,0.0,0.0,0.0,1.0,0.0,0.0,6.2,3.8,2.8,0.1,0.0,0.4,0.0,0.0,0.0,5.0,46.34984135,13.797501885193912,False,False,False,False,False,False,False,False,False,False,False,False,False,False,False,False,False,False,False,False,False,False,False,False,False,False,False,False,False,False,False,False,False,False,False,False,False,False,False,False,False,False,False,False,False,False,False,True,False,False,False,False,False,False,False,False,False,False,False,False,True
25,2024-05-20,4.0,0.0,0.0,0.0,0.0,0.0,1.0,0.0,0.0,6.2,3.8,2.8,0.1,0.0,0.4,0.0,0.0,0.0,5.0,46.34984135,13.797501885193912,False,False,False,False,False,False,False,False,False,False,False,False,False,False,False,False,False,False,False,False,False,False,False,False,False,False,False,False,False,False,False,False,False,False,False,False,False,False,False,False,False,False,False,False,False,False,False,True,False,False,False,False,False,False,False,False,False,False,False,False,True
26,2024-05-20,4.0,0.0,0.0,0.0,0.0,0.0,1.0,0.0,0.0,6.2,3.8,2.8,0.1,0.0,0.4,0.0,0.0,0.0,5.0,46.34984135,13.797501885193912,False,False,False,False,False,False,False,False,False,False,False,False,False,False,False,False,False,False,False,False,False,False,False,False,False,False,False,False,False,False,False,False,False,False,False,False,False,False,False,False,False,False,False,False,False,False,False,True,False,False,False,False,False,False,False,False,False,False,False,False,True
27,2024-05-24,1.0,0.0,0.0,0.0,0.0,0.0,1.0,0.0,0.0,12.6,12.9,13.6,0.2,9.7,7.7,0.0,0.0,0.0,0.0,46.29760107062604,13.916594412777986,False,False,False,False,False,False,False,False,False,False,False,False,False,False,False,False,False,False,False,False,False,False,False,False,False,False,False,False,False,False,False,False,False,False,False,False,False,False,False,False,False,False,False,False,False,False,False,False,False,False,False,False,False,True,False,False,False,True,False,False,False
28,2024-05-25,1.0,2.0,0.0,0.0,0.0,0.0,1.0,0.0,0.0,13.7,12.6,12.9,0.9,0.2,9.7,0.0,0.0,0.0,0.0,46.29760107062604,13.916594412777986,False,False,False,False,False,False,False,False,False,False,False,False,False,False,False,False,False,False,False,False,False,False,False,False,False,False,False,False,False,False,False,False,False,False,False,False,False,False,False,False,False,False,False,False,False,False,False,False,False,True,False,False,False,False,False,False,False,True,False,False,False
29,2024-06-14,0.0,0.0,0.0,0.0,0.0,0.0,1.0,0.0,0.0,2.9,-0.4,0.2,0.3,15.3,22.3,0.0,0.35,0.0,0.0,46.37134975,13.846099299999999,False,False,False,False,False,False,False,False,False,False,False,False,False,False,False,False,False,False,False,False,False,False,False,False,False,False,False,False,False,False,False,False,False,False,False,False,False,False,False,False,False,False,False,False,False,False,False,False,False,False,False,False,False,False,False,False,False,False,False,False,False
30,2024-06-17,1.0,2.0,0.0,0.0,0.0,0.0,1.0,0.0,0.0,11.0,9.0,7.2,0.2,2.1,4.8,0.0,0.0,0.0,2.0,46.2858251,13.730373,False,False,False,False,False,False,False,False,False,False,False,False,False,False,False,False,False,False,False,False,False,False,False,False,False,False,False,False,False,False,False,False,False,False,False,False,False,False,False,False,False,False,False,False,False,False,False,False,False,False,False,False,False,False,False,False,False,True,False,False,False
31,2024-06-19,1.0,3.0,0.0,0.0,0.0,0.0,0.0,1.0,0.0,22.4,21.2,19.6,0.0,0.0,2.8,0.0,0.0,0.0,6.0,46.26916,14.33129,False,False,False,False,False,False,False,False,False,False,False,False,False,False,False,False,False,False,False,False,False,False,False,False,False,False,False,False,False,False,False,False,False,False,False,False,False,False,False,False,False,False,False,False,False,False,False,False,False,True,False,False,False,False,False,False,False,True,False,False,False
32,2024-06-19,1.0,3.0,0.0,0.0,0.0,0.0,0.0,1.0,0.0,22.4,21.2,19.6,0.0,0.0,2.8,0.0,0.0,0.0,0.0,46.26916,14.33129,False,False,False,False,False,False,False,False,False,False,False,False,False,False,False,False,False,False,False,False,False,False,False,False,False,False,False,False,False,False,False,False,False,False,False,False,False,False,False,False,False,False,False,False,False,False,False,False,False,True,False,False,False,False,False,False,False,True,False,False,False
33,2024-06-19,1.0,0.0,0.0,0.0,0.0,0.0,1.0,0.0,0.0,22.4,21.2,19.6,0.0,0.0,2.8,0.0,0.0,0.0,6.0,46.26916,14.33129,False,False,False,False,False,False,False,False,False,False,False,False,False,False,False,False,False,False,False,True,False,False,False,False,False,False,False,False,False,False,False,False,False,False,False,False,False,False,False,False,False,False,False,False,False,False,False,False,False,False,False,False,False,False,False,False,False,False,False,False,False
34,2024-06-19,1.0,0.0,0.0,0.0,0.0,0.0,1.0,0.0,0.0,22.4,21.2,19.6,0.0,0.0,2.8,0.0,0.0,0.0,0.0,46.26916,14.33129,False,False,False,False,False,False,False,False,False,False,False,False,False,False,False,False,False,False,False,True,False,False,False,False,False,False,False,False,False,False,False,False,False,False,False,False,False,False,False,False,False,False,False,False,False,False,False,False,False,False,False,False,False,False,False,False,False,False,False,False,False
35,2024-06-20,2.0,3.0,0.0,0.0,0.0,0.0,1.0,0.0,0.0,14.8,13.1,11.5,0.1,0.0,0.0,0.0,0.0,0.0,1.0,46.2311573,13.9316373,False,False,False,False,False,False,False,False,False,False,False,False,False,False,False,False,False,False,False,False,False,False,False,False,False,False,False,False,False,False,False,False,False,False,False,False,False,False,False,False,False,False,False,False,False,False,False,False,False,True,False,False,False,False,False,False,False,True,False,False,False
36,2024-06-20,2.0,3.0,0.0,0.0,0.0,0.0,1.0,0.0,0.0,14.8,13.1,11.5,0.1,0.0,0.0,0.0,0.0,0.0,1.0,46.2311573,13.9316373,False,False,False,False,False,False,False,False,False,False,False,False,False,False,False,False,False,False,False,False,False,False,False,False,False,False,False,False,False,False,False,False,False,False,False,False,False,False,False,False,False,False,False,False,False,False,False,False,False,True,False,False,False,False,False,False,False,True,False,False,False
37,2024-06-24,3.0,0.0,0.0,0.0,0.0,0.0,1.0,0.0,0.0,10.5,9.9,12.6,0.9,5.5,3.0,0.0,0.0,0.0,6.0,46.33800960000001,13.78469495,False,False,False,False,False,False,False,False,False,False,False,False,False,False,False,False,False,False,False,False,False,False,False,False,False,False,False,False,False,False,True,False,False,False,False,False,False,False,False,False,False,False,False,False,False,False,False,False,False,False,False,False,False,False,False,False,True,False,False,False,False
38,2024-06-24,3.0,0.0,0.0,0.0,0.0,0.0,1.0,0.0,0.0,10.5,9.9,12.6,0.9,5.5,3.0,0.0,0.0,0.0,6.0,46.33800960000001,13.78469495,False,False,False,False,False,False,False,False,False,False,False,False,False,False,False,False,False,False,False,False,False,False,False,False,False,False,False,False,False,False,True,False,False,False,False,False,False,False,False,False,False,False,False,False,False,False,False,False,False,False,False,False,False,False,False,False,True,False,False,False,False
39,2024-06-24,3.0,0.0,0.0,0.0,0.0,0.0,1.0,0.0,0.0,10.5,9.9,12.6,0.9,5.5,3.0,0.0,0.0,0.0,6.0,46.33800960000001,13.78469495,False,False,False,False,False,False,False,False,False,False,False,False,False,False,False,False,False,False,False,False,False,False,False,False,False,False,False,False,False,False,True,False,False,False,False,False,False,False,False,False,False,False,False,False,False,False,False,False,False,False,False,False,False,False,False,False,True,False,False,False,False
40,2024-06-24,3.0,0.0,0.0,0.0,0.0,0.0,1.0,0.0,0.0,10.5,9.9,12.6,0.9,5.5,3.0,0.0,0.0,0.0,6.0,46.33800960000001,13.78469495,False,False,False,False,False,False,False,False,False,False,False,False,False,False,False,False,False,False,True,False,False,False,False,False,False,False,False,False,False,False,False,False,False,False,False,False,False,False,False,False,False,False,False,False,False,False,False,False,False,False,False,False,False,False,False,False,True,False,False,False,False
41,2024-06-24,3.0,0.0,0.0,0.0,0.0,0.0,1.0,0.0,0.0,10.5,9.9,12.6,0.9,5.5,3.0,0.0,0.0,0.0,6.0,46.33800960000001,13.78469495,False,False,False,False,False,False,False,False,False,False,False,False,False,False,False,False,False,False,True,False,False,False,False,False,False,False,False,False,False,False,False,False,False,False,False,False,False,False,False,False,False,False,False,False,False,False,False,False,False,False,False,False,False,False,False,False,True,False,False,False,False
42,2024-06-24,3.0,0.0,0.0,0.0,0.0,0.0,1.0,0.0,0.0,10.5,9.9,12.6,0.9,5.5,3.0,0.0,0.0,0.0,6.0,46.33800960000001,13.78469495,False,False,False,False,False,False,False,False,False,False,False,False,False,False,False,False,False,False,True,False,False,False,False,False,False,False,False,False,False,False,False,False,False,False,False,False,False,False,False,False,False,False,False,False,False,False,False,False,False,False,False,False,False,False,False,False,True,False,False,False,False
43,2024-07-07,1.0,3.0,0.0,0.0,0.0,0.0,1.0,0.0,0.0,17.0,16.5,15.7,3.5,1.9,0.0,0.0,0.0,0.0,4.0,46.29458445,13.7994743,False,False,False,False,False,False,False,False,False,False,False,False,False,False,False,False,False,False,False,False,False,False,False,False,False,False,False,False,False,False,False,False,False,False,False,False,False,False,False,False,False,False,False,False,False,False,False,False,False,True,False,False,False,False,False,False,False,False,False,False,True
44,2024-07-07,1.0,3.0,0.0,0.0,0.0,0.0,1.0,0.0,0.0,17.0,16.5,15.7,3.5,1.9,0.0,0.0,0.0,0.0,2.0,46.29458445,13.7994743,False,False,False,False,False,False,False,False,False,False,False,False,False,False,False,False,False,False,False,False,False,False,False,False,False,False,False,False,False,False,False,False,False,False,False,False,False,False,False,False,False,False,False,False,False,False,False,False,False,True,False,False,False,False,False,False,False,False,False,False,True
45,2024-07-13,1.0,3.0,0.0,0.0,0.0,0.0,1.0,0.0,0.0,26.1,26.7,28.5,18.4,8.4,0.0,0.0,0.0,0.0,1.0,45.9282777,13.6405682,False,False,False,False,False,False,False,False,False,False,False,False,False,False,False,False,False,False,False,False,False,False,False,False,False,False,False,False,False,False,False,False,False,False,False,False,False,False,False,False,False,False,False,False,False,False,False,False,False,True,False,False,False,False,False,False,True,False,False,False,False
46,2024-07-13,2.0,0.0,0.0,0.0,0.0,1.0,0.0,0.0,0.0,26.1,26.7,28.5,18.4,8.4,0.0,0.0,0.0,0.0,0.0,45.9282777,13.6405682,False,False,False,False,False,False,False,False,False,False,False,False,False,False,False,False,False,False,False,False,False,False,False,False,False,False,False,False,False,False,False,False,False,False,False,False,False,False,False,False,False,False,False,False,False,False,False,False,False,False,False,False,False,True,False,False,False,False,False,False,True
47,2024-07-13,2.0,0.0,0.0,0.0,0.0,1.0,0.0,0.0,0.0,26.1,26.7,28.5,18.4,8.4,0.0,0.0,0.0,0.0,0.0,45.9282777,13.6405682,False,False,False,False,False,False,False,False,False,False,False,False,False,False,False,False,False,False,False,False,False,False,False,False,False,False,False,False,False,False,False,False,False,False,False,False,False,False,False,False,False,False,False,False,False,False,False,False,False,False,False,False,False,True,False,False,False,False,False,False,True
48,2024-07-16,1.0,3.0,0.0,0.0,0.0,0.0,1.0,0.0,0.0,18.0,16.9,16.6,0.2,0.0,0.0,0.0,0.0,0.0,1.0,46.3046096,13.8409388,False,False,False,False,False,False,False,False,False,False,False,False,False,False,False,False,False,False,False,False,False,False,False,False,False,False,False,False,False,False,False,False,False,False,False,False,False,False,False,False,False,False,False,False,False,False,False,False,False,True,False,False,False,False,False,False,False,True,False,False,False
49,2024-07-16,1.0,3.0,0.0,0.0,0.0,0.0,1.0,0.0,0.0,18.0,16.9,16.6,0.2,0.0,0.0,0.0,0.0,0.0,0.0,46.3046096,13.8409388,False,False,False,False,False,False,False,False,False,False,False,False,False,False,False,False,False,False,False,False,False,False,False,False,False,False,False,False,False,False,False,False,False,False,False,False,False,False,False,False,False,False,False,False,False,False,False,False,False,True,False,False,False,False,False,False,False,True,False,False,False
50,2024-07-16,1.0,2.0,0.0,1.0,0.0,0.0,0.0,0.0,0.0,26.7,26.3,25.1,0.1,0.0,0.9,0.0,0.0,0.0,1.0,45.9003665,13.8564856,False,False,False,False,False,False,False,False,False,False,False,False,False,False,False,False,False,False,False,False,False,False,False,False,False,False,False,False,False,False,False,False,False,False,False,False,False,False,False,False,False,False,False,False,False,False,False,False,False,True,False,False,False,False,False,False,False,False,False,False,True
51,2024-07-16,1.0,2.0,0.0,1.0,0.0,0.0,0.0,0.0,0.0,26.7,26.3,25.1,0.1,0.0,0.9,0.0,0.0,0.0,0.0,45.9003665,13.8564856,False,False,False,False,False,False,False,False,False,False,False,False,False,False,False,False,False,False,False,False,False,False,False,False,False,False,False,False,False,False,False,False,False,False,False,False,False,False,False,False,False,False,False,False,False,False,False,False,False,True,False,False,False,False,False,False,False,False,False,False,True
52,2024-07-19,5.0,2.0,0.0,0.0,0.0,0.0,1.0,0.0,0.0,29.3,29.1,28.5,1.1,0.0,0.0,0.0,0.0,0.0,0.0,45.9282777,13.6405682,False,False,False,False,False,False,False,False,False,False,False,False,False,False,False,False,False,False,False,False,False,False,False,False,False,False,True,False,False,False,False,False,False,False,False,False,False,False,False,False,False,False,False,False,False,False,False,False,False,False,False,False,False,False,True,False,False,False,False,False,False
53,2024-07-19,5.0,2.0,0.0,0.0,0.0,0.0,1.0,0.0,0.0,29.3,29.1,28.5,1.1,0.0,0.0,0.0,0.0,0.0,0.0,45.9282777,13.6405682,False,False,False,False,False,False,False,False,False,False,False,False,False,False,False,False,False,False,False,False,False,False,False,False,False,False,True,False,False,False,False,False,False,False,False,False,False,False,False,False,False,False,False,False,False,False,False,False,False,False,False,False,False,False,True,False,False,False,False,False,False
54,2024-07-19,5.0,2.0,0.0,0.0,0.0,0.0,1.0,0.0,0.0,29.3,29.1,28.5,1.1,0.0,0.0,0.0,0.0,0.0,0.0,45.9282777,13.6405682,False,False,False,False,False,False,False,False,False,False,False,False,False,False,False,False,False,False,False,False,False,False,False,False,False,False,True,False,False,False,False,False,False,False,False,False,False,False,False,False,False,False,False,False,False,False,False,False,False,False,False,False,False,False,True,False,False,False,False,False,False
55,2024-07-19,5.0,2.0,0.0,0.0,0.0,0.0,1.0,0.0,0.0,29.3,29.1,28.5,1.1,0.0,0.0,0.0,0.0,0.0,0.0,45.9282777,13.6405682,False,False,False,False,False,False,False,False,False,False,False,False,False,False,False,False,False,False,False,False,False,False,False,False,False,False,True,False,False,False,False,False,False,False,False,False,False,False,False,False,False,False,False,False,False,False,False,False,False,False,False,False,False,False,True,False,False,False,False,False,False
56,2024-07-19,5.0,2.0,0.0,0.0,0.0,0.0,1.0,0.0,0.0,29.3,29.1,28.5,1.1,0.0,0.0,0.0,0.0,0.0,0.0,45.9282777,13.6405682,False,False,False,False,False,False,False,False,False,False,False,False,False,False,False,False,False,False,False,False,False,False,False,False,False,False,True,False,False,False,False,False,False,False,False,False,False,False,False,False,False,False,False,False,False,False,False,False,False,False,False,False,False,False,True,False,False,False,False,False,False
57,2024-07-19,5.0,2.0,0.0,0.0,0.0,0.0,1.0,0.0,0.0,29.3,29.1,28.5,1.1,0.0,0.0,0.0,0.0,0.0,0.0,45.9282777,13.6405682,False,False,False,False,False,False,False,False,False,False,False,False,False,False,False,False,False,False,False,False,False,False,False,False,False,True,False,False,False,False,False,False,False,False,False,False,False,False,False,False,False,False,False,False,False,False,False,False,False,False,False,False,False,False,True,False,False,False,False,False,False
58,2024-07-19,5.0,2.0,0.0,0.0,0.0,0.0,1.0,0.0,0.0,29.3,29.1,28.5,1.1,0.0,0.0,0.0,0.0,0.0,0.0,45.9282777,13.6405682,False,False,False,False,False,False,False,False,False,False,False,False,False,False,False,False,False,False,False,False,False,False,False,False,False,True,False,False,False,False,False,False,False,False,False,False,False,False,False,False,False,False,False,False,False,False,False,False,False,False,False,False,False,False,True,False,False,False,False,False,False
59,2024-07-19,5.0,2.0,0.0,0.0,0.0,0.0,1.0,0.0,0.0,29.3,29.1,28.5,1.1,0.0,0.0,0.0,0.0,0.0,0.0,45.9282777,13.6405682,False,False,False,False,False,False,False,False,False,False,False,False,False,False,False,False,False,False,False,False,False,False,False,False,False,True,False,False,False,False,False,False,False,False,False,False,False,False,False,False,False,False,False,False,False,False,False,False,False,False,False,False,False,False,True,False,False,False,False,False,False
60,2024-07-19,5.0,2.0,0.0,0.0,0.0,0.0,1.0,0.0,0.0,29.3,29.1,28.5,1.1,0.0,0.0,0.0,0.0,0.0,0.0,45.9282777,13.6405682,False,False,False,False,False,False,False,False,False,False,False,False,False,False,False,False,False,False,False,False,False,False,False,False,False,True,False,False,False,False,False,False,False,False,False,False,False,False,False,False,False,False,False,False,False,False,False,False,False,False,False,False,False,False,True,False,False,False,False,False,False
61,2024-07-19,5.0,2.0,0.0,0.0,0.0,0.0,1.0,0.0,0.0,29.3,29.1,28.5,1.1,0.0,0.0,0.0,0.0,0.0,0.0,45.9282777,13.6405682,False,False,False,False,False,False,False,False,False,False,False,False,False,False,False,False,False,False,False,False,False,False,False,False,False,True,False,False,False,False,False,False,False,False,False,False,False,False,False,False,False,False,False,False,False,False,False,False,False,False,False,False,False,False,True,False,False,False,False,False,False
62,2024-07-22,1.0,3.0,0.0,0.0,0.0,0.0,0.0,1.0,0.0,22.1,21.5,19.8,0.9,0.0,5.1,0.0,0.0,0.0,0.0,45.924308,14.583872,False,False,False,False,False,False,False,False,False,False,False,False,False,False,False,False,False,False,False,False,False,False,False,False,False,False,False,False,False,False,False,False,False,False,False,False,False,False,False,False,False,False,False,False,False,False,False,False,False,True,False,False,False,False,False,False,True,False,False,False,False
63,2024-07-23,1.0,2.0,0.0,0.0,0.0,0.0,1.0,0.0,0.0,13.7,14.1,13.4,4.6,12.2,0.4,0.0,0.0,0.0,4.0,46.3162841,13.7846356,False,False,False,False,False,False,False,False,False,False,False,False,False,False,False,False,False,False,False,False,False,False,False,False,False,False,False,False,False,False,False,False,False,False,False,False,False,False,False,False,False,False,False,False,False,False,False,False,False,True,False,False,False,False,False,False,False,False,False,False,True
64,2024-07-23,1.0,2.0,0.0,0.0,0.0,0.0,1.0,0.0,0.0,13.7,14.1,13.4,4.6,12.2,0.4,0.0,0.0,0.0,0.0,46.3162841,13.7846356,False,False,False,False,False,False,False,False,False,False,False,False,False,False,False,False,False,False,False,False,False,False,False,False,False,False,False,False,False,False,False,False,False,False,False,False,False,False,False,False,False,False,False,False,False,False,False,False,False,True,False,False,False,False,False,False,False,False,False,False,True
65,2024-07-23,1.0,0.0,0.0,0.0,0.0,0.0,1.0,0.0,0.0,18.4,19.7,18.8,5.7,7.1,0.0,0.0,0.0,0.0,4.0,46.3021463,13.9769087,False,False,False,False,False,False,False,False,False,False,False,False,False,False,False,False,False,False,False,False,False,False,False,False,False,False,False,False,False,False,False,False,False,False,False,False,False,False,False,False,False,False,False,False,False,False,False,False,False,False,False,False,False,True,False,False,False,False,False,False,True
66,2024-07-23,1.0,0.0,0.0,0.0,0.0,0.0,1.0,0.0,0.0,18.4,19.7,18.8,5.7,7.1,0.0,0.0,0.0,0.0,0.0,46.3021463,13.9769087,False,False,False,False,False,False,False,False,False,False,False,False,False,False,False,False,False,False,False,False,False,False,False,False,False,False,False,False,False,False,False,False,False,False,False,False,False,False,False,False,False,False,False,False,False,False,False,False,False,False,False,False,False,True,False,False,False,False,False,False,True
67,2024-07-26,2.0,4.0,0.0,0.0,0.0,0.0,1.0,0.0,0.0,14.0,12.8,13.7,0.2,1.7,13.3,0.0,0.0,0.0,2.0,46.3256396,13.8511529,False,False,False,False,False,False,False,False,False,False,False,False,False,False,False,False,False,False,False,False,False,False,False,False,False,False,False,False,False,False,False,False,False,False,True,False,False,False,False,False,False,False,False,False,False,False,False,False,False,False,False,False,False,False,False,False,False,True,False,False,False
68,2024-07-26,2.0,4.0,0.0,0.0,0.0,0.0,1.0,0.0,0.0,14.0,12.8,13.7,0.2,1.7,13.3,0.0,0.0,0.0,2.0,46.3256396,13.8511529,False,False,False,False,False,False,False,False,False,False,False,False,False,False,False,False,False,False,False,False,False,False,False,False,False,False,False,False,False,False,False,False,False,False,True,False,False,False,False,False,False,False,False,False,False,False,False,False,False,False,False,False,False,False,False,False,False,True,False,False,False
69,2024-07-31,2.0,0.0,0.0,0.0,0.0,0.0,1.0,0.0,0.0,19.0,16.7,15.9,1.5,0.0,0.3,0.0,0.0,0.0,3.0,46.3454355,13.9232078,False,False,False,False,False,False,False,False,False,False,False,False,False,False,False,False,False,False,False,False,False,False,False,False,False,False,False,False,False,False,False,False,False,False,False,False,False,False,False,False,False,False,False,False,False,False,False,False,False,False,False,False,False,True,True,False,False,False,False,False,False
70,2024-07-31,2.0,0.0,0.0,0.0,0.0,0.0,1.0,0.0,0.0,19.0,16.7,15.9,1.5,0.0,0.3,0.0,0.0,0.0,3.0,46.3454355,13.9232078,False,False,False,False,False,False,False,False,False,False,False,False,False,False,False,False,False,False,False,False,False,False,False,False,False,False,False,False,False,False,False,False,False,False,False,False,False,False,False,False,False,False,False,False,False,False,False,False,False,False,False,False,False,True,True,False,False,False,False,False,False
71,2024-08-09,1.0,2.0,0.0,0.0,0.0,0.0,1.0,0.0,0.0,14.9,14.4,14.8,2.5,0.7,3.0,0.0,0.0,0.0,0.0,46.3559124,13.861340609474839,False,False,False,False,False,False,False,False,False,False,False,False,False,False,False,False,False,False,False,False,False,False,False,False,False,False,False,False,False,False,False,False,False,False,False,False,False,False,False,False,False,False,False,False,False,False,False,False,False,True,False,False,False,False,False,False,True,False,False,False,False
72,2024-08-15,1.0,3.0,0.0,0.0,0.0,0.0,1.0,0.0,0.0,19.3,18.8,20.2,0.0,0.0,0.0,0.0,0.0,0.0,2.0,46.3132606,14.6390465,False,False,False,False,False,False,False,False,False,False,False,False,False,False,False,False,False,False,False,False,False,False,False,False,False,False,False,False,False,False,False,False,False,False,False,False,False,False,False,False,False,False,False,False,False,False,False,False,False,True,False,False,False,False,False,False,False,False,True,False,False
73,2024-08-15,1.0,3.0,0.0,0.0,0.0,0.0,1.0,0.0,0.0,19.3,18.8,20.2,0.0,0.0,0.0,0.0,0.0,0.0,0.0,46.3132606,14.6390465,False,False,False,False,False,False,False,False,False,False,False,False,False,False,False,False,False,False,False,False,False,False,False,False,False,False,False,False,False,False,False,False,False,False,False,False,False,False,False,False,False,False,False,False,False,False,False,False,False,True,False,False,False,False,False,False,False,False,True,False,False
74,2024-08-15,1.0,3.0,0.0,0.0,0.0,0.0,1.0,0.0,0.0,19.3,18.8,20.2,0.0,0.0,0.0,0.0,0.0,0.0,0.0,46.3132606,14.6390465,False,False,False,False,False,False,False,False,False,False,False,False,False,False,False,False,False,False,False,False,False,False,False,False,False,False,False,False,False,False,False,False,False,False,False,False,False,False,False,False,False,False,False,False,False,False,False,False,False,True,False,False,False,False,False,False,False,False,True,False,False
75,2024-08-15,1.0,2.0,0.0,0.0,0.0,0.0,1.0,0.0,0.0,21.5,21.8,21.9,0.0,0.5,0.0,0.0,0.0,0.0,2.0,46.29458445,13.7994743,False,False,False,False,False,False,False,False,False,False,False,False,False,False,False,False,False,False,False,False,False,False,False,False,False,False,False,False,False,False,False,False,False,False,False,False,False,False,False,False,False,False,False,False,False,False,False,False,False,True,False,False,False,False,False,False,True,False,False,False,False
76,2024-08-15,1.0,2.0,0.0,0.0,0.0,0.0,1.0,0.0,0.0,21.5,21.8,21.9,0.0,0.5,0.0,0.0,0.0,0.0,0.0,46.29458445,13.7994743,False,False,False,False,False,False,False,False,False,False,False,False,False,False,False,False,False,False,False,False,False,False,False,False,False,False,False,False,False,False,False,False,False,False,False,False,False,False,False,False,False,False,False,False,False,False,False,False,False,True,False,False,False,False,False,False,True,False,False,False,False
77,2024-08-15,1.0,2.0,0.0,0.0,0.0,0.0,1.0,0.0,0.0,21.5,21.8,21.9,0.0,0.5,0.0,0.0,0.0,0.0,0.0,46.29458445,13.7994743,False,False,False,False,False,False,False,False,False,False,False,False,False,False,False,False,False,False,False,False,False,False,False,False,False,False,False,False,False,False,False,False,False,False,False,False,False,False,False,False,False,False,False,False,False,False,False,False,False,True,False,False,False,False,False,False,True,False,False,False,False
78,2024-08-15,1.0,2.0,0.0,0.0,0.0,0.0,1.0,0.0,0.0,21.5,21.8,21.9,0.0,0.5,0.0,0.0,0.0,0.0,2.0,46.29458445,13.7994743,False,False,False,False,False,False,False,False,False,False,False,False,False,False,False,False,False,False,False,False,False,False,False,False,False,False,False,False,False,False,False,False,False,False,False,False,False,False,False,False,False,False,False,False,False,False,False,False,False,True,False,False,False,False,False,False,False,True,False,False,False
79,2024-08-15,1.0,2.0,0.0,0.0,0.0,0.0,1.0,0.0,0.0,21.5,21.8,21.9,0.0,0.5,0.0,0.0,0.0,0.0,0.0,46.29458445,13.7994743,False,False,False,False,False,False,False,False,False,False,False,False,False,False,False,False,False,False,False,False,False,False,False,False,False,False,False,False,False,False,False,False,False,False,False,False,False,False,False,False,False,False,False,False,False,False,False,False,False,True,False,False,False,False,False,False,False,True,False,False,False
80,2024-08-15,1.0,2.0,0.0,0.0,0.0,0.0,1.0,0.0,0.0,21.5,21.8,21.9,0.0,0.5,0.0,0.0,0.0,0.0,0.0,46.29458445,13.7994743,False,False,False,False,False,False,False,False,False,False,False,False,False,False,False,False,False,False,False,False,False,False,False,False,False,False,False,False,False,False,False,False,False,False,False,False,False,False,False,False,False,False,False,False,False,False,False,False,False,True,False,False,False,False,False,False,False,True,False,False,False
81,2024-08-17,1.0,1.0,0.0,0.0,0.0,0.0,1.0,0.0,0.0,24.7,26.8,26.5,9.8,0.9,0.0,0.0,0.0,0.0,1.0,46.245472,13.58527,False,False,False,False,False,False,False,False,False,False,False,False,False,False,False,False,False,False,False,False,False,False,False,False,False,False,False,False,False,False,False,False,False,False,False,False,False,False,False,False,False,False,False,False,False,False,False,False,False,True,False,False,False,False,False,False,False,True,False,False,False
82,2024-08-17,1.0,1.0,0.0,0.0,0.0,0.0,1.0,0.0,0.0,24.7,26.8,26.5,9.8,0.9,0.0,0.0,0.0,0.0,1.0,46.245472,13.58527,False,False,False,False,False,False,False,False,False,False,False,False,False,False,False,False,False,False,False,False,False,False,False,False,False,False,False,False,False,False,False,False,False,False,False,False,False,False,False,False,False,False,False,False,False,False,False,False,False,True,False,False,False,False,False,False,False,True,False,False,False
83,2024-08-17,1.0,1.0,0.0,0.0,0.0,0.0,1.0,0.0,0.0,24.7,26.8,26.5,9.8,0.9,0.0,0.0,0.0,0.0,1.0,46.245472,13.58527,False,False,False,False,False,False,False,False,False,False,False,False,False,False,False,False,False,False,False,False,False,False,False,False,False,False,False,False,False,False,False,False,False,False,False,False,False,False,False,False,False,False,False,False,False,False,False,False,False,True,False,False,False,False,False,False,False,True,False,False,False
84,2024-08-17,1.0,2.0,0.0,0.0,0.0,0.0,1.0,0.0,0.0,24.8,25.7,25.6,2.9,0.0,0.0,0.0,0.0,0.0,1.0,46.369633,14.111498,False,False,False,False,False,False,False,False,False,False,False,False,False,False,False,False,False,False,False,False,False,False,False,False,False,False,False,False,False,False,False,False,False,False,False,False,False,False,False,False,False,False,False,False,False,False,False,False,False,True,False,False,False,False,False,False,True,False,False,False,False
85,2024-08-17,1.0,2.0,0.0,0.0,0.0,0.0,1.0,0.0,0.0,24.8,25.7,25.6,2.9,0.0,0.0,0.0,0.0,0.0,1.0,46.369633,14.111498,False,False,False,False,False,False,False,False,False,False,False,False,False,False,False,False,False,False,False,False,False,False,False,False,False,False,False,False,False,False,False,False,False,False,False,False,False,False,False,False,False,False,False,False,False,False,False,False,False,True,False,False,False,False,False,False,True,False,False,False,False
86,2024-08-17,1.0,2.0,0.0,0.0,0.0,0.0,1.0,0.0,0.0,24.8,25.7,25.6,2.9,0.0,0.0,0.0,0.0,0.0,1.0,46.369633,14.111498,False,False,False,False,False,False,False,False,False,False,False,False,False,False,False,False,False,False,False,False,False,False,False,False,False,False,False,False,False,False,False,False,False,False,False,False,False,False,False,False,False,False,False,False,False,False,False,False,False,True,False,False,False,False,False,False,True,False,False,False,False
87,2024-08-19,1.0,2.0,0.0,0.0,0.0,0.0,1.0,0.0,0.0,13.5,14.4,17.0,7.4,4.0,2.9,0.0,0.0,0.0,1.0,46.31868185,13.779035880657162,False,False,False,False,False,False,False,False,False,False,False,False,False,False,False,False,False,False,False,False,False,False,False,False,False,False,False,False,False,False,False,False,False,False,False,False,False,False,False,False,False,False,False,False,False,False,False,False,False,True,False,False,False,False,False,False,True,False,False,False,False
88,2024-08-20,4.0,0.0,0.0,0.0,0.0,0.0,1.0,0.0,0.0,17.4,16.5,18.2,3.7,6.4,2.8,0.0,0.0,0.0,0.0,46.4062919,14.0143105,False,False,False,False,False,False,False,False,False,False,False,False,False,False,False,False,False,False,False,False,False,False,False,False,False,False,False,False,False,False,False,False,False,False,False,False,False,False,False,False,False,False,False,False,False,False,False,True,False,False,False,False,False,False,False,False,False,False,False,False,True
89,2024-08-20,4.0,0.0,0.0,0.0,0.0,0.0,1.0,0.0,0.0,17.4,16.5,18.2,3.7,6.4,2.8,0.0,0.0,0.0,0.0,46.4062919,14.0143105,False,False,False,False,False,False,False,False,False,False,False,False,False,False,False,False,False,False,False,False,False,False,False,False,False,False,False,False,False,False,False,False,False,False,False,False,False,False,False,False,False,False,False,False,False,False,False,True,False,False,False,False,False,False,False,False,False,False,False,False,True
90,2024-08-20,4.0,0.0,0.0,0.0,0.0,0.0,1.0,0.0,0.0,17.4,16.5,18.2,3.7,6.4,2.8,0.0,0.0,0.0,0.0,46.4062919,14.0143105,False,False,False,False,False,False,False,False,False,False,False,False,False,False,False,False,False,False,False,False,False,False,False,False,False,False,False,False,False,False,False,False,False,False,False,False,False,False,False,False,False,False,False,False,False,False,False,True,False,False,False,False,False,False,False,False,False,False,False,False,True
91,2024-08-20,4.0,0.0,0.0,0.0,0.0,0.0,1.0,0.0,0.0,17.4,16.5,18.2,3.7,6.4,2.8,0.0,0.0,0.0,0.0,46.4062919,14.0143105,False,False,False,False,False,False,False,False,False,False,False,False,False,False,False,False,False,False,False,False,False,False,False,False,False,False,False,False,False,False,False,False,False,False,False,False,False,False,False,False,False,False,False,False,False,False,False,True,False,False,False,False,False,False,False,False,False,False,False,False,True
92,2024-08-20,4.0,0.0,0.0,0.0,0.0,0.0,1.0,0.0,0.0,17.4,16.5,18.2,3.7,6.4,2.8,0.0,0.0,0.0,0.0,46.4062919,14.0143105,False,False,False,False,False,False,False,False,False,False,False,False,False,False,False,False,False,False,False,False,False,False,False,False,False,False,False,False,False,False,False,False,False,False,False,False,False,False,False,False,False,False,False,False,False,False,False,False,False,False,False,False,False,True,False,False,True,False,False,False,False
93,2024-08-20,4.0,0.0,0.0,0.0,0.0,0.0,1.0,0.0,0.0,17.4,16.5,18.2,3.7,6.4,2.8,0.0,0.0,0.0,0.0,46.4062919,14.0143105,False,False,False,False,False,False,False,False,False,False,False,False,False,False,False,False,False,False,False,False,False,False,False,False,False,False,False,False,False,False,False,False,False,False,False,False,False,False,False,False,False,False,False,False,False,False,False,False,False,False,False,False,False,True,False,False,True,False,False,False,False
94,2024-08-20,4.0,0.0,0.0,0.0,0.0,0.0,1.0,0.0,0.0,17.4,16.5,18.2,3.7,6.4,2.8,0.0,0.0,0.0,0.0,46.4062919,14.0143105,False,False,False,False,False,False,False,False,False,False,False,False,False,False,False,False,False,False,False,False,False,False,False,False,False,False,False,False,False,False,False,False,False,False,False,False,False,False,False,False,False,False,False,False,False,False,False,False,False,False,False,False,False,True,False,False,True,False,False,False,False
95,2024-08-20,4.0,0.0,0.0,0.0,0.0,0.0,1.0,0.0,0.0,17.4,16.5,18.2,3.7,6.4,2.8,0.0,0.0,0.0,0.0,46.4062919,14.0143105,False,False,False,False,False,False,False,False,False,False,False,False,False,False,False,False,False,False,False,False,False,False,False,False,False,False,False,False,False,False,False,False,False,False,False,False,False,False,False,False,False,False,False,False,False,False,False,False,False,False,False,False,False,True,False,False,True,False,False,False,False
96,2024-08-20,4.0,0.0,0.0,0.0,0.0,0.0,1.0,0.0,0.0,17.4,16.5,18.2,3.7,6.4,2.8,0.0,0.0,0.0,0.0,46.4062919,14.0143105,False,False,False,False,False,False,False,False,False,False,False,False,False,False,False,False,False,False,False,False,False,False,False,False,False,False,False,False,False,False,False,False,False,False,False,False,False,False,False,False,False,False,False,False,False,False,False,False,False,False,False,False,False,True,False,False,False,False,False,False,True
97,2024-08-20,4.0,0.0,0.0,0.0,0.0,0.0,1.0,0.0,0.0,17.4,16.5,18.2,3.7,6.4,2.8,0.0,0.0,0.0,0.0,46.4062919,14.0143105,False,False,False,False,False,False,False,False,False,False,False,False,False,False,False,False,False,False,False,False,False,False,False,False,False,False,False,False,False,False,False,False,False,False,False,False,False,False,False,False,False,False,False,False,False,False,False,False,False,False,False,False,False,True,False,False,False,False,False,False,True
98,2024-08-20,4.0,0.0,0.0,0.0,0.0,0.0,1.0,0.0,0.0,17.4,16.5,18.2,3.7,6.4,2.8,0.0,0.0,0.0,0.0,46.4062919,14.0143105,False,False,False,False,False,False,False,False,False,False,False,False,False,False,False,False,False,False,False,False,False,False,False,False,False,False,False,False,False,False,False,False,False,False,False,False,False,False,False,False,False,False,False,False,False,False,False,False,False,False,False,False,False,True,False,False,False,False,False,False,True
99,2024-08-20,4.0,0.0,0.0,0.0,0.0,0.0,1.0,0.0,0.0,17.4,16.5,18.2,3.7,6.4,2.8,0.0,0.0,0.0,0.0,46.4062919,14.0143105,False,False,False,False,False,False,False,False,False,False,False,False,False,False,False,False,False,False,False,False,False,False,False,False,False,False,False,False,False,False,False,False,False,False,False,False,False,False,False,False,False,False,False,False,False,False,False,False,False,False,False,False,False,True,False,False,False,False,False,False,True
100,2024-08-21,1.0,1.0,0.0,0.0,0.0,0.0,1.0,0.0,0.0,13.5,13.5,12.2,3.6,3.3,13.9,0.0,0.0,0.0,1.0,46.3559124,13.861340609474839,False,False,False,False,False,False,False,False,False,False,False,False,False,False,False,False,False,False,False,False,False,False,False,False,False,False,False,False,False,False,False,False,False,False,False,False,False,False,False,False,False,False,False,False,False,False,False,False,False,True,False,False,False,False,False,False,False,True,False,False,False
101,2024-08-23,1.0,3.0,0.0,0.0,0.0,0.0,1.0,0.0,0.0,11.7,8.8,9.9,0.1,0.6,3.6,0.0,0.0,0.0,1.0,46.37134975,13.846099299999999,False,False,False,False,False,False,False,False,False,False,False,False,False,False,False,False,False,False,False,False,False,False,False,False,False,False,False,False,False,False,False,False,False,False,False,False,False,False,False,False,False,False,False,False,False,False,False,False,False,False,False,False,False,False,False,False,False,True,False,False,False
102,2024-08-25,1.0,3.0,0.0,0.0,0.0,0.0,1.0,0.0,0.0,16.3,15.4,15.3,2.4,0.0,0.0,0.0,0.0,0.0,1.0,46.31868185,13.779035880657162,False,False,False,False,False,False,False,False,False,False,False,False,False,False,False,False,False,False,False,False,False,False,False,False,False,False,False,False,False,False,False,False,False,False,False,False,False,False,False,False,False,False,False,False,False,False,False,False,False,False,False,False,False,False,False,False,False,False,False,False,True
103,2024-08-25,1.0,3.0,0.0,0.0,0.0,0.0,1.0,0.0,0.0,16.3,15.4,15.3,2.4,0.0,0.0,0.0,0.0,0.0,1.0,46.31868185,13.779035880657162,False,False,False,False,False,False,False,False,False,False,False,False,False,False,False,False,False,False,False,False,False,False,False,False,False,False,False,False,False,False,False,False,False,False,False,False,False,False,False,False,False,False,False,False,False,False,False,False,False,False,False,False,False,False,False,False,False,False,False,False,True
104,2024-08-25,1.0,1.0,0.0,0.0,0.0,0.0,1.0,0.0,0.0,16.3,15.4,15.3,2.4,0.0,0.0,0.0,0.0,0.0,1.0,46.31868185,13.779035880657162,False,False,False,False,False,False,False,False,False,False,False,False,False,False,False,False,False,False,False,False,False,False,False,False,False,False,False,False,False,False,False,False,False,False,False,False,False,False,False,False,False,False,False,False,False,False,False,False,False,False,False,False,False,False,False,False,False,False,False,False,True
105,2024-08-25,1.0,1.0,0.0,0.0,0.0,0.0,1.0,0.0,0.0,16.3,15.4,15.3,2.4,0.0,0.0,0.0,0.0,0.0,1.0,46.31868185,13.779035880657162,False,False,False,False,False,False,False,False,False,False,False,False,False,False,False,False,False,False,False,False,False,False,False,False,False,False,False,False,False,False,False,False,False,False,False,False,False,False,False,False,False,False,False,False,False,False,False,False,False,False,False,False,False,False,False,False,False,False,False,False,True
106,2024-08-27,1.0,3.0,0.0,0.0,0.0,0.0,1.0,0.0,0.0,22.5,23.8,24.8,2.1,0.0,0.0,0.0,0.0,0.0,0.0,46.032785,14.501445,False,False,False,False,False,False,False,False,False,False,False,False,False,False,False,False,False,False,False,False,False,False,False,False,False,False,False,False,False,False,False,False,False,False,False,False,False,False,False,False,False,False,False,False,False,False,False,False,False,True,False,False,False,False,False,False,True,False,False,False,False
107,2024-08-28,1.0,2.0,0.0,0.0,0.0,0.0,1.0,0.0,0.0,14.8,12.6,13.3,0.3,2.6,1.7,0.0,0.0,0.0,1.0,46.3559124,13.861340609474839,False,False,False,False,False,False,False,False,False,False,False,False,False,False,False,False,False,False,False,False,False,False,False,False,False,False,False,False,False,False,False,False,False,False,False,False,False,False,False,False,False,False,False,False,False,False,False,False,False,False,False,False,False,False,False,False,False,True,False,False,False
108,2024-08-30,1.0,0.0,0.0,0.0,0.0,0.0,1.0,0.0,0.0,24.5,24.0,23.2,0.0,0.3,0.2,0.0,0.0,0.0,0.0,46.190956,14.593213,False,False,False,False,False,False,False,False,False,False,False,False,False,False,False,False,False,False,False,False,False,False,False,False,False,False,False,False,False,False,False,False,False,False,False,False,False,False,False,False,False,False,False,False,False,False,False,False,False,False,False,False,False,True,False,False,False,True,False,False,False
109,2024-09-07,1.0,2.0,0.0,0.0,0.0,0.0,1.0,0.0,0.0,15.3,14.5,16.7,0.8,4.8,11.1,0.0,0.0,0.0,1.0,46.265434330392175,13.820491379220547,False,False,False,False,False,False,False,False,False,False,False,False,False,False,False,False,False,False,False,False,False,False,False,False,False,False,False,False,False,False,False,False,False,False,False,False,False,False,False,False,False,False,False,False,False,False,False,False,False,True,False,False,False,False,False,False,True,False,False,False,False
110,2024-09-21,2.0,0.0,0.0,0.0,0.0,1.0,0.0,0.0,0.0,1.2,0.9,0.6,0.0,0.1,0.8,0.0,0.0,0.0,6.0,46.3758423,13.8357641,False,False,False,False,False,False,False,False,False,False,False,False,False,False,False,False,False,False,False,False,False,False,False,False,False,False,False,False,False,False,False,False,False,False,False,False,False,False,False,False,False,False,False,False,False,False,False,False,False,False,False,False,False,True,False,False,True,False,False,False,False
111,2024-09-21,2.0,0.0,0.0,0.0,0.0,1.0,0.0,0.0,0.0,1.2,0.9,0.6,0.0,0.1,0.8,0.0,0.0,0.0,6.0,46.3758423,13.8357641,False,False,False,False,False,False,False,False,False,False,False,False,False,False,False,False,False,False,False,False,False,False,False,False,False,False,False,False,False,False,False,False,False,False,False,False,False,False,False,False,False,False,False,False,False,False,False,False,False,False,False,False,False,True,False,False,True,False,False,False,False
112,2024-09-21,1.0,1.0,0.0,0.0,0.0,0.0,1.0,0.0,0.0,19.6,19.1,18.5,0.0,0.0,0.0,0.0,0.0,0.0,0.0,45.9282777,13.6405682,False,False,False,False,False,False,False,False,False,False,False,False,False,False,False,False,False,False,False,False,False,False,False,False,False,False,False,False,False,False,False,False,False,False,False,False,False,False,False,False,False,False,False,False,False,False,False,False,False,False,False,False,False,False,False,False,True,False,False,False,False
113,2024-09-29,1.0,0.0,0.0,0.0,0.0,0.0,1.0,0.0,0.0,7.9,10.2,15.3,0.0,22.1,23.3,0.0,0.0,0.0,2.0,46.4326116585351,13.887762766452559,False,False,False,False,False,False,False,False,False,False,False,False,False,False,False,False,False,False,False,False,False,False,False,False,False,False,False,False,False,False,False,False,False,False,False,False,False,False,False,False,False,False,False,False,False,False,False,False,False,False,False,False,False,True,False,False,False,True,False,False,False
114,2022-07-23,11.0,0.0,0.0,0.0,0.0,1.0,0.0,0.0,0.0,22.6,22.1,21.7,0.0,0.0,0.8,0.0,0.0,0.0,0.0,46.2988182,13.5435248,True,False,False,False,False,False,False,False,False,False,False,False,False,False,False,False,False,False,False,False,False,False,False,False,False,False,False,False,False,False,False,False,False,False,False,False,False,False,False,False,False,False,False,False,False,False,False,False,False,False,False,False,False,True,True,False,False,False,False,False,False
115,2022-07-23,11.0,0.0,0.0,0.0,0.0,1.0,0.0,0.0,0.0,22.6,22.1,21.7,0.0,0.0,0.8,0.0,0.0,0.0,0.0,46.2988182,13.5435248,True,False,False,False,False,False,False,False,False,False,False,False,False,False,False,False,False,False,False,False,False,False,False,False,False,False,False,False,False,False,False,False,False,False,False,False,False,False,False,False,False,False,False,False,False,False,False,False,False,False,False,False,False,True,True,False,False,False,False,False,False
116,2022-07-23,11.0,0.0,0.0,0.0,0.0,1.0,0.0,0.0,0.0,22.6,22.1,21.7,0.0,0.0,0.8,0.0,0.0,0.0,0.0,46.2988182,13.5435248,True,False,False,False,False,False,False,False,False,False,False,False,False,False,False,False,False,False,False,False,False,False,False,False,False,False,False,False,False,False,False,False,False,False,False,False,False,False,False,False,False,False,False,False,False,False,False,False,False,False,False,False,False,True,True,False,False,False,False,False,False
117,2022-07-23,11.0,0.0,0.0,0.0,0.0,1.0,0.0,0.0,0.0,22.6,22.1,21.7,0.0,0.0,0.8,0.0,0.0,0.0,0.0,46.2988182,13.5435248,True,False,False,False,False,False,False,False,False,False,False,False,False,False,False,False,False,False,False,False,False,False,False,False,False,False,False,False,False,False,False,False,False,False,False,False,False,False,False,False,False,False,False,False,False,False,False,False,False,False,False,False,False,True,True,False,False,False,False,False,False
118,2022-07-23,11.0,0.0,0.0,0.0,0.0,1.0,0.0,0.0,0.0,22.6,22.1,21.7,0.0,0.0,0.8,0.0,0.0,0.0,0.0,46.2988182,13.5435248,True,False,False,False,False,False,False,False,False,False,False,False,False,False,False,False,False,False,False,False,False,False,False,False,False,False,False,False,False,False,False,False,False,False,False,False,False,False,False,False,False,False,False,False,False,False,False,False,False,False,False,False,False,True,True,False,False,False,False,False,False
119,2022-07-23,11.0,0.0,0.0,0.0,0.0,1.0,0.0,0.0,0.0,22.6,22.1,21.7,0.0,0.0,0.8,0.0,0.0,0.0,0.0,46.2988182,13.5435248,True,False,False,False,False,False,False,False,False,False,False,False,False,False,False,False,False,False,False,False,False,False,False,False,False,False,False,False,False,False,False,False,False,False,False,False,False,False,False,False,False,False,False,False,False,False,False,False,False,False,False,False,False,True,True,False,False,False,False,False,False
120,2022-07-23,11.0,0.0,0.0,0.0,0.0,1.0,0.0,0.0,0.0,22.6,22.1,21.7,0.0,0.0,0.8,0.0,0.0,0.0,0.0,46.2988182,13.5435248,True,False,False,False,False,False,False,False,False,False,False,False,False,False,False,False,False,False,False,False,False,False,False,False,False,False,False,False,False,False,False,False,False,False,False,False,False,False,False,False,False,False,False,False,False,False,False,False,False,False,False,False,False,True,True,False,False,False,False,False,False
121,2022-07-23,11.0,0.0,0.0,0.0,0.0,1.0,0.0,0.0,0.0,22.6,22.1,21.7,0.0,0.0,0.8,0.0,0.0,0.0,0.0,46.2988182,13.5435248,True,False,False,False,False,False,False,False,False,False,False,False,False,False,False,False,False,False,False,False,False,False,False,False,False,False,False,False,False,False,False,False,False,False,False,False,False,False,False,False,False,False,False,False,False,False,False,False,False,False,False,False,False,True,True,False,False,False,False,False,False
122,2022-07-23,11.0,0.0,0.0,0.0,0.0,1.0,0.0,0.0,0.0,22.6,22.1,21.7,0.0,0.0,0.8,0.0,0.0,0.0,0.0,46.2988182,13.5435248,True,False,False,False,False,False,False,False,False,False,False,False,False,False,False,False,False,False,False,False,False,False,False,False,False,False,False,False,False,False,False,False,False,False,False,False,False,False,False,False,False,False,False,False,False,False,False,False,False,False,False,False,False,True,True,False,False,False,False,False,False
123,2022-07-23,11.0,0.0,0.0,0.0,0.0,1.0,0.0,0.0,0.0,22.6,22.1,21.7,0.0,0.0,0.8,0.0,0.0,0.0,0.0,46.2988182,13.5435248,True,False,False,False,False,False,False,False,False,False,False,False,False,False,False,False,False,False,False,False,False,False,False,False,False,False,False,False,False,False,False,False,False,False,False,False,False,False,False,False,False,False,False,False,False,False,False,False,False,False,False,False,False,True,True,False,False,False,False,False,False
124,2022-07-23,11.0,0.0,0.0,0.0,0.0,1.0,0.0,0.0,0.0,22.6,22.1,21.7,0.0,0.0,0.8,0.0,0.0,0.0,0.0,46.2988182,13.5435248,True,False,False,False,False,False,False,False,False,False,False,False,False,False,False,False,False,False,False,False,False,False,False,False,False,False,False,False,False,False,False,False,False,False,False,False,False,False,False,False,False,False,False,False,False,False,False,False,False,False,False,False,False,True,True,False,False,False,False,False,False
125,2022-07-23,11.0,0.0,0.0,0.0,0.0,1.0,0.0,0.0,0.0,22.6,22.1,21.7,0.0,0.0,0.8,0.0,0.0,0.0,0.0,46.2988182,13.5435248,True,False,False,False,False,False,False,False,False,False,False,False,False,False,False,False,False,False,False,False,False,False,False,False,False,False,False,False,False,False,False,False,False,False,False,False,False,False,False,False,False,False,False,False,False,False,False,False,False,False,False,False,False,True,True,False,False,False,False,False,False
126,2022-07-23,11.0,0.0,0.0,0.0,0.0,1.0,0.0,0.0,0.0,22.6,22.1,21.7,0.0,0.0,0.8,0.0,0.0,0.0,0.0,46.2988182,13.5435248,True,False,False,False,False,False,False,False,False,False,False,False,False,False,False,False,False,False,False,False,False,False,False,False,False,False,False,False,False,False,False,False,False,False,False,False,False,False,False,False,False,False,False,False,False,False,False,False,False,False,False,False,False,True,True,False,False,False,False,False,False
127,2022-07-23,11.0,0.0,0.0,0.0,0.0,1.0,0.0,0.0,0.0,22.6,22.1,21.7,0.0,0.0,0.8,0.0,0.0,0.0,0.0,46.2988182,13.5435248,True,False,False,False,False,False,False,False,False,False,False,False,False,False,False,False,False,False,False,False,False,False,False,False,False,False,False,False,False,False,False,False,False,False,False,False,False,False,False,False,False,False,False,False,False,False,False,False,False,False,False,False,False,True,True,False,False,False,False,False,False
128,2022-07-23,11.0,0.0,0.0,0.0,0.0,1.0,0.0,0.0,0.0,22.6,22.1,21.7,0.0,0.0,0.8,0.0,0.0,0.0,0.0,46.2988182,13.5435248,True,False,False,False,False,False,False,False,False,False,False,False,False,False,False,False,False,False,False,False,False,False,False,False,False,False,False,False,False,False,False,False,False,False,False,False,False,False,False,False,False,False,False,False,False,False,False,False,False,False,False,False,False,True,True,False,False,False,False,False,False
129,2022-07-23,11.0,0.0,0.0,0.0,0.0,1.0,0.0,0.0,0.0,22.6,22.1,21.7,0.0,0.0,0.8,0.0,0.0,0.0,0.0,46.2988182,13.5435248,True,False,False,False,False,False,False,False,False,False,False,False,False,False,False,False,False,False,False,False,False,False,False,False,False,False,False,False,False,False,False,False,False,False,False,False,False,False,False,False,False,False,False,False,False,False,False,False,False,False,False,False,False,True,True,False,False,False,False,False,False
130,2022-07-23,11.0,0.0,0.0,0.0,0.0,1.0,0.0,0.0,0.0,22.6,22.1,21.7,0.0,0.0,0.8,0.0,0.0,0.0,0.0,46.2988182,13.5435248,True,False,False,False,False,False,False,False,False,False,False,False,False,False,False,False,False,False,False,False,False,False,False,False,False,False,False,False,False,False,False,False,False,False,False,False,False,False,False,False,False,False,False,False,False,False,False,False,False,False,False,False,False,True,True,False,False,False,False,False,False
131,2022-07-23,11.0,0.0,0.0,0.0,0.0,1.0,0.0,0.0,0.0,22.6,22.1,21.7,0.0,0.0,0.8,0.0,0.0,0.0,0.0,46.2988182,13.5435248,True,False,False,False,False,False,False,False,False,False,False,False,False,False,False,False,False,False,False,False,False,False,False,False,False,False,False,False,False,False,False,False,False,False,False,False,False,False,False,False,False,False,False,False,False,False,False,False,False,False,False,False,False,True,True,False,False,False,False,False,False
132,2022-07-23,11.0,0.0,0.0,0.0,0.0,1.0,0.0,0.0,0.0,22.6,22.1,21.7,0.0,0.0,0.8,0.0,0.0,0.0,0.0,46.2988182,13.5435248,True,False,False,False,False,False,False,False,False,False,False,False,False,False,False,False,False,False,False,False,False,False,False,False,False,False,False,False,False,False,False,False,False,False,False,False,False,False,False,False,False,False,False,False,False,False,False,False,False,False,False,False,False,True,True,False,False,False,False,False,False
133,2022-07-23,11.0,0.0,0.0,0.0,0.0,1.0,0.0,0.0,0.0,22.6,22.1,21.7,0.0,0.0,0.8,0.0,0.0,0.0,0.0,46.2988182,13.5435248,True,False,False,False,False,False,False,False,False,False,False,False,False,False,False,False,False,False,False,False,False,False,False,False,False,False,False,False,False,False,False,False,False,False,False,False,False,False,False,False,False,False,False,False,False,False,False,False,False,False,False,False,False,True,True,False,False,False,False,False,False
134,2022-07-23,11.0,0.0,0.0,0.0,0.0,1.0,0.0,0.0,0.0,22.6,22.1,21.7,0.0,0.0,0.8,0.0,0.0,0.0,0.0,46.2988182,13.5435248,True,False,False,False,False,False,False,False,False,False,False,False,False,False,False,False,False,False,False,False,False,False,False,False,False,False,False,False,False,False,False,False,False,False,False,False,False,False,False,False,False,False,False,False,False,False,False,False,False,False,False,False,False,True,True,False,False,False,False,False,False
135,2022-07-23,11.0,0.0,0.0,0.0,0.0,1.0,0.0,0.0,0.0,22.6,22.1,21.7,0.0,0.0,0.8,0.0,0.0,0.0,0.0,46.2988182,13.5435248,True,False,False,False,False,False,False,False,False,False,False,False,False,False,False,False,False,False,False,False,False,False,False,False,False,False,False,False,False,False,False,False,False,False,False,False,False,False,False,False,False,False,False,False,False,False,False,False,False,False,False,False,False,True,True,False,False,False,False,False,False
136,2022-07-27,1.0,2.0,0.0,0.0,0.0,0.0,1.0,0.0,0.0,9.8,12.1,14.9,2.2,5.1,1.6,0.0,0.0,0.0,1.0,46.3648557,13.819468932652025,True,False,False,False,False,False,False,False,False,False,False,False,False,False,False,False,False,False,False,False,False,False,False,False,False,False,False,False,False,False,False,False,False,False,False,False,False,False,False,False,False,False,False,False,False,False,False,False,False,False,False,False,False,False,False,False,False,False,False,False,True
137,2022-09-27,2.0,0.0,0.0,0.0,0.0,0.0,1.0,0.0,0.0,-0.8,0.2,0.6,6.7,4.6,34.0,0.56,0.0,0.0,0.0,46.4151572,13.7929884,True,False,False,False,False,False,False,False,False,False,False,False,False,False,False,False,False,False,False,False,False,False,False,False,False,False,False,False,False,False,False,False,False,False,False,False,False,False,False,False,False,False,False,False,False,False,False,False,False,False,False,False,False,True,False,False,False,False,False,False,True
138,2022-09-27,2.0,0.0,0.0,0.0,0.0,0.0,1.0,0.0,0.0,-0.8,0.2,0.6,6.7,4.6,34.0,0.56,0.0,0.0,0.0,46.4151572,13.7929884,True,False,False,False,False,False,False,False,False,False,False,False,False,False,False,False,False,False,False,False,False,False,False,False,False,False,False,False,False,False,False,False,False,False,False,False,False,False,False,False,False,False,False,False,False,False,False,False,False,False,False,False,False,True,False,False,False,False,False,False,True
139,2022-10-15,2.0,0.0,0.0,0.0,0.0,1.0,0.0,0.0,0.0,0.3,0.0,0.6,0.3,0.5,0.4,0.0,0.0,0.0,3.0,46.4247004,13.7697143,True,False,False,False,False,False,False,False,False,False,False,False,False,False,False,False,False,False,False,False,False,False,False,False,False,False,False,False,False,False,False,False,False,False,False,False,False,False,False,False,False,False,False,False,False,False,False,False,False,False,False,False,False,True,True,False,False,False,False,False,False
140,2022-10-15,2.0,0.0,0.0,0.0,0.0,1.0,0.0,0.0,0.0,0.3,0.0,0.6,0.3,0.5,0.4,0.0,0.0,0.0,3.0,46.4247004,13.7697143,True,False,False,False,False,False,False,False,False,False,False,False,False,False,False,False,False,False,False,False,False,False,False,False,False,False,False,False,False,False,False,False,False,False,False,False,False,False,False,False,False,False,False,False,False,False,False,False,False,False,False,False,False,True,True,False,False,False,False,False,False
141,2022-10-17,4.0,0.0,0.0,0.0,0.0,0.0,1.0,0.0,0.0,2.9,1.6,-0.4,0.0,0.0,0.3,0.0,0.0,0.0,8.0,46.4394708,13.6546659,True,False,False,False,False,False,False,False,False,False,False,False,False,False,False,False,False,True,False,False,False,False,False,False,False,False,False,False,False,False,False,False,False,False,False,False,False,False,False,False,False,False,False,False,False,False,False,False,False,False,False,False,False,False,False,False,False,True,False,False,False
142,2022-10-17,4.0,0.0,0.0,0.0,0.0,0.0,1.0,0.0,0.0,2.9,1.6,-0.4,0.0,0.0,0.3,0.0,0.0,0.0,8.0,46.4394708,13.6546659,True,False,False,False,False,False,False,False,False,False,False,False,False,False,False,False,False,True,False,False,False,False,False,False,False,False,False,False,False,False,False,False,False,False,False,False,False,False,False,False,False,False,False,False,False,False,False,False,False,False,False,False,False,False,False,False,False,True,False,False,False
143,2022-10-17,4.0,0.0,0.0,0.0,0.0,0.0,1.0,0.0,0.0,2.9,1.6,-0.4,0.0,0.0,0.3,0.0,0.0,0.0,8.0,46.4394708,13.6546659,True,False,False,False,False,False,False,False,False,False,False,False,False,False,False,False,False,True,False,False,False,False,False,False,False,False,False,False,False,False,False,False,False,False,False,False,False,False,False,False,False,False,False,False,False,False,False,False,False,False,False,False,False,False,False,False,False,True,False,False,False
144,2022-10-17,4.0,0.0,0.0,0.0,0.0,0.0,1.0,0.0,0.0,2.9,1.6,-0.4,0.0,0.0,0.3,0.0,0.0,0.0,8.0,46.4394708,13.6546659,True,False,False,False,False,False,False,False,False,False,False,False,False,False,False,False,False,True,False,False,False,False,False,False,False,False,False,False,False,False,False,False,False,False,False,False,False,False,False,False,False,False,False,False,False,False,False,False,False,False,False,False,False,False,False,False,False,True,False,False,False
145,2022-10-17,4.0,0.0,0.0,0.0,0.0,0.0,1.0,0.0,0.0,2.9,1.6,-0.4,0.0,0.0,0.3,0.0,0.0,0.0,8.0,46.4394708,13.6546659,True,False,False,False,False,False,False,False,False,False,False,False,False,False,False,False,False,False,False,False,False,False,False,False,False,False,False,False,False,False,False,False,False,False,False,False,False,False,False,False,False,False,False,False,False,False,False,True,False,False,False,False,False,False,False,False,False,False,False,False,True
146,2022-10-17,4.0,0.0,0.0,0.0,0.0,0.0,1.0,0.0,0.0,2.9,1.6,-0.4,0.0,0.0,0.3,0.0,0.0,0.0,8.0,46.4394708,13.6546659,True,False,False,False,False,False,False,False,False,False,False,False,False,False,False,False,False,False,False,False,False,False,False,False,False,False,False,False,False,False,False,False,False,False,False,False,False,False,False,False,False,False,False,False,False,False,False,True,False,False,False,False,False,False,False,False,False,False,False,False,True
147,2022-10-17,4.0,0.0,0.0,0.0,0.0,0.0,1.0,0.0,0.0,2.9,1.6,-0.4,0.0,0.0,0.3,0.0,0.0,0.0,8.0,46.4394708,13.6546659,True,False,False,False,False,False,False,False,False,False,False,False,False,False,False,False,False,False,False,False,False,False,False,False,False,False,False,False,False,False,False,False,False,False,False,False,False,False,False,False,False,False,False,False,False,False,False,True,False,False,False,False,False,False,False,False,False,False,False,False,True
148,2022-10-17,4.0,0.0,0.0,0.0,0.0,0.0,1.0,0.0,0.0,2.9,1.6,-0.4,0.0,0.0,0.3,0.0,0.0,0.0,8.0,46.4394708,13.6546659,True,False,False,False,False,False,False,False,False,False,False,False,False,False,False,False,False,False,False,False,False,False,False,False,False,False,False,False,False,False,False,False,False,False,False,False,False,False,False,False,False,False,False,False,False,False,False,True,False,False,False,False,False,False,False,False,False,False,False,False,True
149,2022-10-17,4.0,0.0,0.0,0.0,0.0,0.0,1.0,0.0,0.0,2.9,1.6,-0.4,0.0,0.0,0.3,0.0,0.0,0.0,8.0,46.4394708,13.6546659,True,False,False,False,False,False,False,False,False,False,False,False,False,False,False,False,False,True,False,False,False,False,False,False,False,False,False,False,False,False,False,False,False,False,False,False,False,False,False,False,False,False,False,False,False,False,False,False,False,False,False,False,False,False,False,False,False,False,False,False,True
150,2022-10-17,4.0,0.0,0.0,0.0,0.0,0.0,1.0,0.0,0.0,2.9,1.6,-0.4,0.0,0.0,0.3,0.0,0.0,0.0,8.0,46.4394708,13.6546659,True,False,False,False,False,False,False,False,False,False,False,False,False,False,False,False,False,True,False,False,False,False,False,False,False,False,False,False,False,False,False,False,False,False,False,False,False,False,False,False,False,False,False,False,False,False,False,False,False,False,False,False,False,False,False,False,False,False,False,False,True
151,2022-10-17,4.0,0.0,0.0,0.0,0.0,0.0,1.0,0.0,0.0,2.9,1.6,-0.4,0.0,0.0,0.3,0.0,0.0,0.0,8.0,46.4394708,13.6546659,True,False,False,False,False,False,False,False,False,False,False,False,False,False,False,False,False,True,False,False,False,False,False,False,False,False,False,False,False,False,False,False,False,False,False,False,False,False,False,False,False,False,False,False,False,False,False,False,False,False,False,False,False,False,False,False,False,False,False,False,True
152,2022-10-17,4.0,0.0,0.0,0.0,0.0,0.0,1.0,0.0,0.0,2.9,1.6,-0.4,0.0,0.0,0.3,0.0,0.0,0.0,8.0,46.4394708,13.6546659,True,False,False,False,False,False,False,False,False,False,False,False,False,False,False,False,False,True,False,False,False,False,False,False,False,False,False,False,False,False,False,False,False,False,False,False,False,False,False,False,False,False,False,False,False,False,False,False,False,False,False,False,False,False,False,False,False,False,False,False,True
153,2022-10-17,4.0,0.0,0.0,0.0,0.0,0.0,1.0,0.0,0.0,2.9,1.6,-0.4,0.0,0.0,0.3,0.0,0.0,0.0,8.0,46.4394708,13.6546659,True,False,False,False,False,False,False,False,False,False,False,False,False,False,False,False,False,True,False,False,False,False,False,False,False,False,False,False,False,False,False,False,False,False,False,False,False,False,False,False,False,False,False,False,False,False,False,False,False,False,False,False,False,False,False,False,True,False,False,False,False
154,2022-10-17,4.0,0.0,0.0,0.0,0.0,0.0,1.0,0.0,0.0,2.9,1.6,-0.4,0.0,0.0,0.3,0.0,0.0,0.0,8.0,46.4394708,13.6546659,True,False,False,False,False,False,False,False,False,False,False,False,False,False,False,False,False,True,False,False,False,False,False,False,False,False,False,False,False,False,False,False,False,False,False,False,False,False,False,False,False,False,False,False,False,False,False,False,False,False,False,False,False,False,False,False,True,False,False,False,False
155,2022-10-17,4.0,0.0,0.0,0.0,0.0,0.0,1.0,0.0,0.0,2.9,1.6,-0.4,0.0,0.0,0.3,0.0,0.0,0.0,8.0,46.4394708,13.6546659,True,False,False,False,False,False,False,False,False,False,False,False,False,False,False,False,False,True,False,False,False,False,False,False,False,False,False,False,False,False,False,False,False,False,False,False,False,False,False,False,False,False,False,False,False,False,False,False,False,False,False,False,False,False,False,False,True,False,False,False,False
156,2022-10-17,4.0,0.0,0.0,0.0,0.0,0.0,1.0,0.0,0.0,2.9,1.6,-0.4,0.0,0.0,0.3,0.0,0.0,0.0,8.0,46.4394708,13.6546659,True,False,False,False,False,False,False,False,False,False,False,False,False,False,False,False,False,True,False,False,False,False,False,False,False,False,False,False,False,False,False,False,False,False,False,False,False,False,False,False,False,False,False,False,False,False,False,False,False,False,False,False,False,False,False,False,True,False,False,False,False
157,2023-07-12,2.0,2.0,0.0,0.0,0.0,0.0,1.0,0.0,0.0,15.9,18.1,18.4,3.6,0.7,0.0,0.0,0.0,0.0,1.0,46.3156666,13.8126776,True,False,False,False,False,False,False,False,False,False,False,False,False,False,False,False,False,False,False,False,False,False,False,False,False,False,False,False,False,False,False,False,False,False,False,False,False,False,False,False,False,False,False,False,False,False,False,True,False,False,False,False,False,False,False,False,False,False,False,False,True
158,2023-07-12,2.0,2.0,0.0,0.0,0.0,0.0,1.0,0.0,0.0,15.9,18.1,18.4,3.6,0.7,0.0,0.0,0.0,0.0,1.0,46.3156666,13.8126776,True,False,False,False,False,False,False,False,False,False,False,False,False,False,False,False,False,False,False,False,False,False,False,False,False,False,False,False,False,False,False,False,False,False,False,False,False,False,False,False,False,False,False,False,False,False,False,True,False,False,False,False,False,False,False,False,False,False,False,False,True
159,2023-07-12,2.0,1.0,0.0,0.0,0.0,0.0,1.0,0.0,0.0,15.9,18.1,18.4,3.6,0.7,0.0,0.0,0.0,0.0,1.0,46.3156666,13.8126776,True,False,False,False,False,False,False,False,False,False,False,False,False,False,False,False,False,False,False,False,False,False,False,False,False,False,False,False,False,False,False,False,False,False,False,False,False,False,False,False,False,False,False,False,False,False,False,True,False,False,False,False,False,False,False,False,False,False,False,False,True
160,2023-07-12,2.0,1.0,0.0,0.0,0.0,0.0,1.0,0.0,0.0,15.9,18.1,18.4,3.6,0.7,0.0,0.0,0.0,0.0,1.0,46.3156666,13.8126776,True,False,False,False,False,False,False,False,False,False,False,False,False,False,False,False,False,False,False,False,False,False,False,False,False,False,False,False,False,False,False,False,False,False,False,False,False,False,False,False,False,False,False,False,False,False,False,True,False,False,False,False,False,False,False,False,False,False,False,False,True
161,2023-07-13,2.0,2.0,0.0,0.0,0.0,0.0,1.0,0.0,0.0,13.4,15.9,18.1,19.2,3.6,0.7,0.0,0.0,0.0,1.0,46.3156666,13.8126776,True,False,False,False,False,False,False,False,False,False,False,False,False,False,False,False,False,False,False,False,False,False,False,False,False,False,False,False,False,False,False,False,False,False,False,False,False,False,False,False,False,False,False,False,False,False,False,True,False,False,False,False,False,False,False,False,False,False,False,False,True
162,2023-07-13,2.0,2.0,0.0,0.0,0.0,0.0,1.0,0.0,0.0,13.4,15.9,18.1,19.2,3.6,0.7,0.0,0.0,0.0,1.0,46.3156666,13.8126776,True,False,False,False,False,False,False,False,False,False,False,False,False,False,False,False,False,False,False,False,False,False,False,False,False,False,False,False,False,False,False,False,False,False,False,False,False,False,False,False,False,False,False,False,False,False,False,True,False,False,False,False,False,False,False,False,False,False,False,False,True
163,2023-07-13,2.0,2.0,0.0,0.0,0.0,0.0,1.0,0.0,0.0,13.4,15.9,18.1,19.2,3.6,0.7,0.0,0.0,0.0,3.0,46.3156666,13.8126776,True,False,False,False,False,False,False,False,False,False,False,False,False,False,False,False,False,False,False,False,False,False,False,False,False,False,False,False,False,False,False,False,False,False,False,False,False,False,False,False,False,False,False,False,False,False,False,True,False,False,False,False,False,False,False,False,False,False,False,False,True
164,2023-07-13,2.0,2.0,0.0,0.0,0.0,0.0,1.0,0.0,0.0,13.4,15.9,18.1,19.2,3.6,0.7,0.0,0.0,0.0,3.0,46.3156666,13.8126776,True,False,False,False,False,False,False,False,False,False,False,False,False,False,False,False,False,False,False,False,False,False,False,False,False,False,False,False,False,False,False,False,False,False,False,False,False,False,False,False,False,False,False,False,False,False,False,True,False,False,False,False,False,False,False,False,False,False,False,False,True
165,2023-07-13,2.0,1.0,0.0,0.0,0.0,0.0,1.0,0.0,0.0,13.4,15.9,18.1,19.2,3.6,0.7,0.0,0.0,0.0,1.0,46.3156666,13.8126776,True,False,False,False,False,False,False,False,False,False,False,False,False,False,False,False,False,False,False,False,False,False,False,False,False,False,False,False,False,False,False,False,False,False,False,False,False,False,False,False,False,False,False,False,False,False,False,True,False,False,False,False,False,False,False,False,False,False,False,False,True
166,2023-07-13,2.0,1.0,0.0,0.0,0.0,0.0,1.0,0.0,0.0,13.4,15.9,18.1,19.2,3.6,0.7,0.0,0.0,0.0,1.0,46.3156666,13.8126776,True,False,False,False,False,False,False,False,False,False,False,False,False,False,False,False,False,False,False,False,False,False,False,False,False,False,False,False,False,False,False,False,False,False,False,False,False,False,False,False,False,False,False,False,False,False,False,True,False,False,False,False,False,False,False,False,False,False,False,False,True
167,2023-07-13,2.0,1.0,0.0,0.0,0.0,0.0,1.0,0.0,0.0,13.4,15.9,18.1,19.2,3.6,0.7,0.0,0.0,0.0,3.0,46.3156666,13.8126776,True,False,False,False,False,False,False,False,False,False,False,False,False,False,False,False,False,False,False,False,False,False,False,False,False,False,False,False,False,False,False,False,False,False,False,False,False,False,False,False,False,False,False,False,False,False,False,True,False,False,False,False,False,False,False,False,False,False,False,False,True
168,2023-07-13,2.0,1.0,0.0,0.0,0.0,0.0,1.0,0.0,0.0,13.4,15.9,18.1,19.2,3.6,0.7,0.0,0.0,0.0,3.0,46.3156666,13.8126776,True,False,False,False,False,False,False,False,False,False,False,False,False,False,False,False,False,False,False,False,False,False,False,False,False,False,False,False,False,False,False,False,False,False,False,False,False,False,False,False,False,False,False,False,False,False,False,True,False,False,False,False,False,False,False,False,False,False,False,False,True
169,2023-07-13,2.0,1.0,0.0,0.0,0.0,0.0,1.0,0.0,0.0,13.4,15.9,18.1,19.2,3.6,0.7,0.0,0.0,0.0,1.0,46.3156666,13.8126776,True,False,False,False,False,False,False,False,False,False,False,False,False,False,False,False,False,False,False,False,False,False,False,False,False,False,False,False,False,False,False,False,False,False,False,False,False,False,False,False,False,False,False,False,False,False,False,True,False,False,False,False,False,False,False,False,False,False,False,False,True
170,2023-07-13,2.0,1.0,0.0,0.0,0.0,0.0,1.0,0.0,0.0,13.4,15.9,18.1,19.2,3.6,0.7,0.0,0.0,0.0,1.0,46.3156666,13.8126776,True,False,False,False,False,False,False,False,False,False,False,False,False,False,False,False,False,False,False,False,False,False,False,False,False,False,False,False,False,False,False,False,False,False,False,False,False,False,False,False,False,False,False,False,False,False,False,True,False,False,False,False,False,False,False,False,False,False,False,False,True
171,2023-07-13,2.0,1.0,0.0,0.0,0.0,0.0,1.0,0.0,0.0,13.4,15.9,18.1,19.2,3.6,0.7,0.0,0.0,0.0,3.0,46.3156666,13.8126776,True,False,False,False,False,False,False,False,False,False,False,False,False,False,False,False,False,False,False,False,False,False,False,False,False,False,False,False,False,False,False,False,False,False,False,False,False,False,False,False,False,False,False,False,False,False,False,True,False,False,False,False,False,False,False,False,False,False,False,False,True
172,2023-07-13,2.0,1.0,0.0,0.0,0.0,0.0,1.0,0.0,0.0,13.4,15.9,18.1,19.2,3.6,0.7,0.0,0.0,0.0,3.0,46.3156666,13.8126776,True,False,False,False,False,False,False,False,False,False,False,False,False,False,False,False,False,False,False,False,False,False,False,False,False,False,False,False,False,False,False,False,False,False,False,False,False,False,False,False,False,False,False,False,False,False,False,True,False,False,False,False,False,False,False,False,False,False,False,False,True
173,2024-05-21,1.0,7.0,0.0,0.0,0.0,0.0,0.0,0.0,1.0,2.4,3.7,2.0,33.3,0.6,0.9,0.0,0.0,0.0,1.0,46.4394708,13.6546659,True,False,False,False,False,False,False,False,False,False,False,False,False,False,False,False,False,False,False,False,False,False,False,False,False,False,False,False,False,False,False,False,False,False,False,False,False,False,False,False,False,False,False,False,False,False,False,False,False,True,False,False,False,False,False,False,False,True,False,False,False
174,2024-07-27,2.0,7.0,0.0,0.0,0.0,0.0,0.0,1.0,0.0,22.2,20.3,18.9,0.1,0.0,0.4,0.0,0.0,0.0,8.0,45.5304765,14.7464926,True,False,False,False,False,False,False,False,False,False,False,False,False,False,False,False,False,False,False,False,False,False,False,False,False,False,False,False,False,False,False,False,False,False,False,False,False,False,False,False,False,False,False,False,False,False,False,False,False,True,False,False,False,False,False,False,False,False,False,False,False
175,2024-07-27,2.0,7.0,0.0,0.0,0.0,0.0,0.0,1.0,0.0,22.2,20.3,18.9,0.1,0.0,0.4,0.0,0.0,0.0,8.0,45.5304765,14.7464926,True,False,False,False,False,False,False,False,False,False,False,False,False,False,False,False,False,False,False,False,False,False,False,False,False,False,False,False,False,False,False,False,False,False,False,False,False,False,False,False,False,False,False,False,False,False,False,False,False,True,False,False,False,False,False,False,False,False,False,False,False
176,2024-07-27,2.0,0.0,0.0,0.0,0.0,0.0,0.0,1.0,0.0,22.2,20.3,18.9,0.1,0.0,0.4,0.0,0.0,0.0,8.0,45.5304765,14.7464926,True,False,False,False,False,False,False,False,False,False,False,False,False,False,False,False,False,False,False,False,False,False,False,False,False,False,False,False,False,False,False,False,False,False,False,False,False,False,False,False,False,True,False,False,False,False,False,False,False,False,False,False,False,False,False,False,False,False,False,False,False
177,2024-07-27,2.0,0.0,0.0,0.0,0.0,0.0,0.0,1.0,0.0,22.2,20.3,18.9,0.1,0.0,0.4,0.0,0.0,0.0,8.0,45.5304765,14.7464926,True,False,False,False,False,False,False,False,False,False,False,False,False,False,False,False,False,False,False,False,False,False,False,False,False,False,False,False,False,False,False,False,False,False,False,False,False,False,False,False,False,True,False,False,False,False,False,False,False,False,False,False,False,False,False,False,False,False,False,False,False
178,2017-06-11,1.0,0.0,0.0,0.0,0.0,1.0,0.0,0.0,0.0,19.6,19.1,18.1,0.0,1.2,0.0,0.0,0.0,0.0,1.0,46.2257358,14.6118936,False,True,False,False,False,False,False,False,False,False,False,False,False,False,False,False,False,False,False,False,False,False,False,False,False,False,False,False,False,False,False,False,False,False,False,False,False,False,False,False,False,False,False,False,False,False,False,False,False,False,False,False,False,True,False,False,False,True,False,False,False
179,2017-06-11,1.0,0.0,0.0,0.0,0.0,1.0,0.0,0.0,0.0,19.6,19.1,18.1,0.0,1.2,0.0,0.0,0.0,0.0,2.0,46.2257358,14.6118936,False,True,False,False,False,False,False,False,False,False,False,False,False,False,False,False,False,False,False,False,False,False,False,False,False,False,False,False,False,False,False,False,False,False,False,False,False,False,False,False,False,False,False,False,False,False,False,False,False,False,False,False,False,True,False,False,False,True,False,False,False
180,2017-06-16,2.0,0.0,0.0,0.0,0.0,0.0,1.0,0.0,0.0,10.1,8.6,8.0,1.3,0.0,4.9,0.0,0.0,0.0,3.0,46.367725,14.565127,False,True,False,False,False,False,False,False,False,False,False,False,False,False,False,False,False,False,False,False,False,False,False,False,False,False,False,False,False,False,False,False,False,False,False,False,False,False,False,False,False,False,False,False,False,False,False,True,False,False,False,False,False,False,False,False,False,False,False,False,True
181,2017-06-16,2.0,0.0,0.0,0.0,0.0,0.0,1.0,0.0,0.0,10.1,8.6,8.0,1.3,0.0,4.9,0.0,0.0,0.0,3.0,46.367725,14.565127,False,True,False,False,False,False,False,False,False,False,False,False,False,False,False,False,False,False,False,False,False,False,False,False,False,False,False,False,False,False,False,False,False,False,False,False,False,False,False,False,False,False,False,False,False,False,False,True,False,False,False,False,False,False,False,False,False,False,False,False,True
182,2017-06-16,2.0,0.0,0.0,0.0,0.0,0.0,1.0,0.0,0.0,10.1,8.6,8.0,1.3,0.0,4.9,0.0,0.0,0.0,3.0,46.367725,14.565127,False,True,False,False,False,False,False,False,False,False,False,False,False,False,False,False,False,False,False,False,False,False,False,False,False,False,False,False,False,False,False,False,False,False,False,False,False,False,False,False,False,False,False,False,False,False,False,True,False,False,False,False,False,False,False,False,False,False,False,False,True
183,2017-06-16,2.0,0.0,0.0,0.0,0.0,0.0,1.0,0.0,0.0,10.1,8.6,8.0,1.3,0.0,4.9,0.0,0.0,0.0,3.0,46.367725,14.565127,False,True,False,False,False,False,False,False,False,False,False,False,False,False,False,False,False,False,False,False,False,False,False,False,False,False,False,False,False,False,False,False,False,False,False,False,False,False,False,False,False,False,False,False,False,False,False,True,False,False,False,False,False,False,False,False,False,False,False,False,True
184,2018-01-20,0.0,0.0,0.0,0.0,0.0,0.0,0.0,0.0,1.0,-8.3,-6.1,-8.7,0.0,0.1,0.0,0.49,3.78,0.0,0.0,46.36466441919905,14.57261594658108,False,True,False,False,False,False,False,False,False,False,False,False,False,False,False,False,False,False,False,False,False,False,False,False,False,False,False,False,False,False,False,False,False,False,False,False,False,False,False,False,False,False,False,False,False,False,False,False,False,False,False,False,False,False,False,False,False,False,False,False,False
185,2018-03-25,3.0,7.0,0.0,0.0,0.0,0.0,0.0,1.0,0.0,2.6,2.8,0.6,0.0,0.0,0.0,0.0,0.0,0.0,3.0,45.8864401,15.2898623,False,True,False,False,False,False,False,False,False,False,False,False,False,False,False,False,False,False,False,False,False,False,False,False,False,False,False,False,False,False,False,False,False,False,False,False,False,False,False,False,False,False,False,False,False,False,False,False,False,False,True,False,False,False,False,False,False,False,False,False,False
186,2018-03-25,3.0,7.0,0.0,0.0,0.0,0.0,0.0,1.0,0.0,2.6,2.8,0.6,0.0,0.0,0.0,0.0,0.0,0.0,3.0,45.8864401,15.2898623,False,True,False,False,False,False,False,False,False,False,False,False,False,False,False,False,False,False,False,False,False,False,False,False,False,False,False,False,False,False,False,False,False,False,False,False,False,False,False,False,False,False,False,False,False,False,False,False,False,False,True,False,False,False,False,False,False,False,False,False,False
187,2018-03-25,3.0,7.0,0.0,0.0,0.0,0.0,0.0,1.0,0.0,2.6,2.8,0.6,0.0,0.0,0.0,0.0,0.0,0.0,3.0,45.8864401,15.2898623,False,True,False,False,False,False,False,False,False,False,False,False,False,False,False,False,False,False,False,False,False,False,False,False,False,False,False,False,False,False,False,False,False,False,False,False,False,False,False,False,False,False,False,False,False,False,False,False,False,False,True,False,False,False,False,False,False,False,False,False,False
188,2018-03-25,3.0,0.0,0.0,0.0,0.0,0.0,0.0,1.0,0.0,2.6,2.8,0.6,0.0,0.0,0.0,0.0,0.0,0.0,3.0,45.8864401,15.2898623,False,True,False,False,False,False,False,False,False,False,False,False,False,False,False,False,False,False,False,False,False,False,False,False,False,False,False,False,False,True,False,False,False,False,False,False,False,False,False,False,False,False,False,False,False,False,False,False,False,False,False,False,False,False,True,False,False,False,False,False,False
189,2018-03-25,3.0,0.0,0.0,0.0,0.0,0.0,0.0,1.0,0.0,2.6,2.8,0.6,0.0,0.0,0.0,0.0,0.0,0.0,3.0,45.8864401,15.2898623,False,True,False,False,False,False,False,False,False,False,False,False,False,False,False,False,False,False,False,False,False,False,False,False,False,False,False,False,False,True,False,False,False,False,False,False,False,False,False,False,False,False,False,False,False,False,False,False,False,False,False,False,False,False,True,False,False,False,False,False,False
190,2018-03-25,3.0,0.0,0.0,0.0,0.0,0.0,0.0,1.0,0.0,2.6,2.8,0.6,0.0,0.0,0.0,0.0,0.0,0.0,3.0,45.8864401,15.2898623,False,True,False,False,False,False,False,False,False,False,False,False,False,False,False,False,False,False,False,False,False,False,False,False,False,False,False,False,False,True,False,False,False,False,False,False,False,False,False,False,False,False,False,False,False,False,False,False,False,False,False,False,False,False,True,False,False,False,False,False,False
191,2018-03-25,3.0,0.0,0.0,0.0,0.0,0.0,0.0,1.0,0.0,2.6,2.8,0.6,0.0,0.0,0.0,0.0,0.0,0.0,3.0,45.8864401,15.2898623,False,True,False,False,False,False,False,False,False,False,False,False,False,False,False,False,False,False,False,False,False,False,False,False,False,False,False,False,False,False,False,False,False,False,False,False,False,False,False,False,False,False,False,False,False,False,False,False,False,False,True,False,False,False,False,False,False,False,False,False,False
192,2018-03-25,3.0,0.0,0.0,0.0,0.0,0.0,0.0,1.0,0.0,2.6,2.8,0.6,0.0,0.0,0.0,0.0,0.0,0.0,3.0,45.8864401,15.2898623,False,True,False,False,False,False,False,False,False,False,False,False,False,False,False,False,False,False,False,False,False,False,False,False,False,False,False,False,False,False,False,False,False,False,False,False,False,False,False,False,False,False,False,False,False,False,False,False,False,False,True,False,False,False,False,False,False,False,False,False,False
193,2018-03-25,3.0,0.0,0.0,0.0,0.0,0.0,0.0,1.0,0.0,2.6,2.8,0.6,0.0,0.0,0.0,0.0,0.0,0.0,3.0,45.8864401,15.2898623,False,True,False,False,False,False,False,False,False,False,False,False,False,False,False,False,False,False,False,False,False,False,False,False,False,False,False,False,False,False,False,False,False,False,False,False,False,False,False,False,False,False,False,False,False,False,False,False,False,False,True,False,False,False,False,False,False,False,False,False,False
194,2018-03-25,1.0,3.0,0.0,0.0,0.0,0.0,0.0,0.0,1.0,-8.9,-9.1,-10.2,0.0,0.0,0.0,0.14,0.0,0.21,3.0,46.3548859,14.5875496,False,True,False,False,False,False,False,False,False,False,False,False,False,False,False,False,False,False,False,False,False,False,False,False,False,False,False,False,False,False,False,False,False,False,False,False,False,False,False,False,False,False,False,False,False,False,False,False,False,True,False,False,False,False,False,False,False,True,False,False,False
195,2018-08-23,1.0,2.0,0.0,0.0,0.0,0.0,1.0,0.0,0.0,22.3,22.9,22.7,0.0,0.1,0.3,0.0,0.0,0.0,0.0,46.3478463,15.1263866,False,True,False,False,False,False,False,False,False,False,False,False,False,False,False,False,False,False,False,False,False,False,False,False,False,False,False,False,False,False,False,False,False,False,False,False,False,False,False,False,False,False,False,False,False,False,False,False,False,True,False,False,False,False,False,False,False,True,False,False,False
196,2018-08-24,1.0,1.0,0.0,0.0,0.0,1.0,0.0,0.0,0.0,20.0,20.9,21.0,1.5,1.1,0.2,0.0,0.0,0.0,0.0,46.3895256,14.63255,False,True,False,False,False,False,False,False,False,False,False,False,False,False,False,False,False,False,False,False,False,False,False,False,False,False,False,False,False,False,False,False,False,False,False,False,False,False,False,False,False,False,False,False,False,False,False,False,False,False,False,False,False,True,False,False,False,False,False,False,True
197,2019-03-26,2.0,0.0,0.0,0.0,0.0,1.0,0.0,0.0,0.0,-2.6,4.3,9.9,0.0,12.0,0.0,1.12,7.49,0.0,3.0,46.391141,14.643911,False,True,False,False,False,False,False,False,False,False,False,False,False,False,False,False,False,False,False,False,False,False,False,False,False,False,False,False,False,False,False,False,False,False,False,False,False,False,False,False,False,False,False,False,False,False,False,False,False,False,False,False,False,True,False,False,False,False,False,False,True
198,2019-03-26,2.0,0.0,0.0,0.0,0.0,1.0,0.0,0.0,0.0,-2.6,4.3,9.9,0.0,12.0,0.0,1.12,7.49,0.0,3.0,46.391141,14.643911,False,True,False,False,False,False,False,False,False,False,False,False,False,False,False,False,False,False,False,False,False,False,False,False,False,False,False,False,False,False,False,False,False,False,False,False,False,False,False,False,False,False,False,False,False,False,False,False,False,False,False,False,False,True,False,False,False,False,False,False,True
199,2019-03-26,2.0,0.0,0.0,0.0,0.0,1.0,0.0,0.0,0.0,-2.6,4.3,9.9,0.0,12.0,0.0,1.12,7.49,0.0,3.0,46.391141,14.643911,False,True,False,False,False,False,False,False,False,False,False,False,False,False,False,False,False,False,False,False,False,False,False,False,False,False,False,False,False,False,False,False,False,False,False,False,False,False,False,False,False,False,False,False,False,False,False,False,False,False,False,False,False,True,False,False,False,False,False,False,True
200,2019-03-26,2.0,0.0,0.0,0.0,0.0,1.0,0.0,0.0,0.0,-2.6,4.3,9.9,0.0,12.0,0.0,1.12,7.49,0.0,3.0,46.391141,14.643911,False,True,False,False,False,False,False,False,False,False,False,False,False,False,False,False,False,False,False,False,False,False,False,False,False,False,False,False,False,False,False,False,False,False,False,False,False,False,False,False,False,False,False,False,False,False,False,False,False,False,False,False,False,True,False,False,False,False,False,False,True
201,2019-12-24,1.0,0.0,0.0,0.0,0.0,1.0,0.0,0.0,0.0,5.5,7.1,6.1,0.2,0.4,27.3,0.0,0.0,0.0,0.0,46.0401771,15.5900549,False,True,False,False,False,False,False,False,False,False,False,False,False,False,False,False,False,False,False,False,False,False,False,False,False,False,False,False,False,False,False,False,False,False,False,False,False,False,False,False,False,False,False,False,False,False,False,False,False,False,False,False,False,True,True,False,False,False,False,False,False
202,2024-09-23,2.0,4.0,0.0,0.0,0.0,1.0,0.0,0.0,0.0,8.1,8.6,8.3,0.0,0.0,0.1,0.0,0.0,0.0,4.0,46.3797366,14.5955723,False,True,False,False,False,False,False,False,False,False,False,False,False,False,False,False,False,False,False,False,False,False,False,False,False,False,False,False,False,False,False,False,False,False,False,False,False,False,False,False,False,False,False,False,False,False,False,False,False,True,False,False,False,False,False,False,False,False,False,False,True
203,2024-09-23,2.0,4.0,0.0,0.0,0.0,1.0,0.0,0.0,0.0,8.1,8.6,8.3,0.0,0.0,0.1,0.0,0.0,0.0,4.0,46.3797366,14.5955723,False,True,False,False,False,False,False,False,False,False,False,False,False,False,False,False,False,False,False,False,False,False,False,False,False,False,False,False,False,False,False,False,False,False,False,False,False,False,False,False,False,False,False,False,False,False,False,False,False,True,False,False,False,False,False,False,False,False,False,False,True
204,2024-09-23,2.0,0.0,0.0,0.0,0.0,1.0,0.0,0.0,0.0,8.1,8.6,8.3,0.0,0.0,0.1,0.0,0.0,0.0,4.0,46.3797366,14.5955723,False,True,False,False,False,False,False,False,False,False,False,False,False,False,False,False,False,False,False,False,False,False,False,False,False,False,False,False,False,False,False,False,False,False,False,False,False,False,False,False,False,False,False,False,False,False,False,False,False,True,False,False,False,False,False,False,False,False,False,False,True
205,2024-09-23,2.0,0.0,0.0,0.0,0.0,1.0,0.0,0.0,0.0,8.1,8.6,8.3,0.0,0.0,0.1,0.0,0.0,0.0,4.0,46.3797366,14.5955723,False,True,False,False,False,False,False,False,False,False,False,False,False,False,False,False,False,False,False,False,False,False,False,False,False,False,False,False,False,False,False,False,False,False,False,False,False,False,False,False,False,False,False,False,False,False,False,False,False,True,False,False,False,False,False,False,False,False,False,False,True
206,2024-10-13,1.0,3.0,0.0,0.0,0.0,0.0,1.0,0.0,0.0,9.6,8.0,10.2,1.2,0.1,0.3,0.0,0.0,0.0,3.0,46.2007632,14.9930948,False,True,False,False,False,False,False,False,False,False,False,False,False,False,False,False,False,False,False,False,False,False,False,False,False,False,False,False,False,False,False,False,False,False,False,False,False,False,False,False,False,False,False,False,False,False,False,False,False,True,False,False,False,False,False,False,False,False,False,False,True
207,2024-10-24,0.0,0.0,0.0,0.0,0.0,0.0,1.0,0.0,0.0,2.8,5.6,6.2,10.5,3.0,0.5,0.0,0.0,0.0,0.0,46.36466441919905,14.57261594658108,False,True,False,False,False,False,False,False,False,False,False,False,False,False,False,False,False,False,False,False,False,False,False,False,False,False,False,False,False,False,False,False,False,False,False,False,False,False,False,False,False,False,False,False,False,False,False,False,False,False,False,False,False,False,False,False,False,False,False,False,False
208,2023-01-22,1.0,1.0,0.0,0.0,0.0,0.0,0.0,0.0,1.0,-9.8,-10.4,-10.6,0.1,0.0,0.1,1.47,0.21,1.89,0.0,46.4775803,14.1036639,False,False,True,False,False,False,False,False,False,False,False,False,False,False,False,False,False,False,False,False,False,False,False,False,False,False,False,False,False,False,False,False,False,False,False,False,False,False,False,False,False,False,False,False,False,False,False,False,False,True,False,False,False,False,False,False,False,True,False,False,False
209,2023-01-29,1.0,3.0,0.0,0.0,0.0,0.0,0.0,0.0,1.0,-1.7,-3.1,-1.8,0.0,0.0,0.0,0.0,0.21,2.45,1.0,46.57389,15.03278,False,False,True,False,False,False,False,False,False,False,False,False,False,False,False,False,False,False,False,False,False,False,False,False,False,False,False,False,False,False,False,False,False,False,False,False,False,False,False,False,False,False,False,False,False,False,False,False,False,False,False,False,False,False,False,False,False,True,False,False,False
210,2023-05-25,2.0,0.0,0.0,0.0,0.0,0.0,1.0,0.0,0.0,15.3,13.9,16.8,0.7,17.0,1.8,0.0,0.0,0.0,0.0,46.45493163344063,14.010256280800911,False,False,True,False,False,False,False,False,False,False,False,False,False,False,False,False,False,False,False,False,False,False,False,False,False,False,False,False,False,False,False,False,False,False,False,False,False,False,False,False,False,False,False,False,False,False,False,True,False,False,False,False,False,False,False,False,False,True,False,False,False
211,2023-05-25,2.0,0.0,0.0,0.0,0.0,0.0,1.0,0.0,0.0,15.3,13.9,16.8,0.7,17.0,1.8,0.0,0.0,0.0,0.0,46.45493163344063,14.010256280800911,False,False,True,False,False,False,False,False,False,False,False,False,False,False,False,False,False,False,False,False,False,False,False,False,False,False,False,False,False,False,False,False,False,False,False,False,False,False,False,False,False,False,False,False,False,False,False,True,False,False,False,False,False,False,False,False,False,True,False,False,False
212,2023-06-25,1.0,1.0,0.0,0.0,0.0,0.0,1.0,0.0,0.0,19.3,18.2,20.7,0.0,0.0,26.0,0.0,0.0,0.0,0.0,46.2121039,14.1996051,False,False,True,False,False,False,False,False,False,False,False,False,False,False,False,False,False,False,False,False,False,False,False,False,False,False,False,False,False,False,False,False,False,False,False,False,False,False,False,False,False,False,False,False,False,False,False,False,False,False,False,False,False,False,False,False,False,True,False,False,False
213,2023-07-30,1.0,1.0,0.0,0.0,0.0,0.0,1.0,0.0,0.0,13.5,14.6,12.7,34.7,0.3,0.1,0.0,0.0,0.0,0.0,46.48594865,14.061942098950414,False,False,True,False,False,False,False,False,False,False,False,False,False,False,False,False,False,False,False,False,False,False,False,False,False,False,False,False,False,False,False,False,False,False,False,False,False,False,False,False,False,False,False,False,False,False,False,False,False,True,False,False,False,False,False,False,False,False,False,False,True
214,2024-03-15,0.0,0.0,0.0,1.0,0.0,0.0,0.0,0.0,0.0,9.8,9.2,7.4,0.0,0.0,0.0,0.0,0.0,0.0,0.0,46.22867,14.64931,False,False,True,False,False,False,False,False,False,False,False,False,False,False,False,False,False,False,False,False,False,False,False,False,False,False,False,False,False,False,False,False,False,False,False,False,False,False,False,False,False,False,False,False,False,False,False,False,False,False,False,False,False,False,False,False,False,False,False,False,False
215,2021-12-22,2.0,3.0,0.0,0.0,0.0,0.0,0.0,1.0,0.0,-8.2,-7.4,-4.4,0.0,0.0,0.0,0.14,0.42,0.0,3.0,46.3682939,14.5227017,False,False,False,True,False,False,False,False,False,False,False,False,False,False,False,False,False,False,False,False,False,False,False,False,False,False,False,False,False,False,False,False,False,False,False,False,False,False,False,False,False,False,False,False,False,False,False,False,False,True,False,False,False,False,False,False,False,False,False,False,False
216,2021-12-22,2.0,3.0,0.0,0.0,0.0,0.0,0.0,1.0,0.0,-8.2,-7.4,-4.4,0.0,0.0,0.0,0.14,0.42,0.0,3.0,46.3682939,14.5227017,False,False,False,True,False,False,False,False,False,False,False,False,False,False,False,False,False,False,False,False,False,False,False,False,False,False,False,False,False,False,False,False,False,False,False,False,False,False,False,False,False,False,False,False,False,False,False,False,False,True,False,False,False,False,False,False,False,False,False,False,False
217,2021-12-22,2.0,0.0,0.0,0.0,0.0,0.0,0.0,1.0,0.0,-8.2,-7.4,-4.4,0.0,0.0,0.0,0.14,0.42,0.0,3.0,46.3682939,14.5227017,False,False,False,True,False,False,False,False,False,False,False,False,False,False,False,False,False,False,False,False,False,False,False,False,False,False,False,False,True,False,False,False,False,False,False,False,False,False,False,False,False,False,False,False,False,False,False,False,False,False,False,False,False,False,False,False,False,False,False,False,False
218,2021-12-22,2.0,0.0,0.0,0.0,0.0,0.0,0.0,1.0,0.0,-8.2,-7.4,-4.4,0.0,0.0,0.0,0.14,0.42,0.0,3.0,46.3682939,14.5227017,False,False,False,True,False,False,False,False,False,False,False,False,False,False,False,False,False,False,False,False,False,False,False,False,False,False,False,False,True,False,False,False,False,False,False,False,False,False,False,False,False,False,False,False,False,False,False,False,False,False,False,False,False,False,False,False,False,False,False,False,False
219,2022-06-16,1.0,1.0,0.0,0.0,0.0,0.0,1.0,0.0,0.0,19.6,18.9,17.2,9.6,0.1,0.0,0.0,0.0,0.0,4.0,46.43028,14.10333,False,False,False,True,False,False,False,False,False,False,False,False,False,False,False,False,False,False,False,False,False,False,False,False,False,False,False,False,False,False,False,False,False,False,False,False,False,False,False,False,False,False,False,False,False,False,False,False,False,True,False,False,False,False,False,False,False,True,False,False,False
220,2014-10-27,1.0,0.0,0.0,0.0,0.0,0.0,1.0,0.0,0.0,5.0,5.7,6.0,0.0,0.0,0.0,0.0,0.0,0.0,0.0,45.86583,14.51472,False,False,False,False,True,False,False,False,False,False,False,False,False,False,False,False,False,False,False,False,False,False,False,False,False,False,False,False,False,False,False,False,False,False,False,False,False,False,False,False,False,False,False,False,False,False,False,False,False,False,False,False,False,False,False,False,True,False,False,False,False
221,2015-06-13,1.0,2.0,0.0,0.0,0.0,1.0,0.0,0.0,0.0,16.3,15.9,14.3,0.6,0.3,1.6,0.0,0.0,0.0,1.0,46.34596288905016,14.608749449811715,False,False,False,False,True,False,False,False,False,False,False,False,False,False,False,False,False,False,False,False,False,False,False,False,False,False,False,False,False,False,False,False,False,False,False,False,False,False,False,False,False,False,False,False,False,False,False,False,False,True,False,False,False,False,False,False,False,False,False,False,False
222,2015-06-13,1.0,2.0,0.0,0.0,0.0,1.0,0.0,0.0,0.0,16.3,15.9,14.3,0.6,0.3,1.6,0.0,0.0,0.0,0.0,46.34596288905016,14.608749449811715,False,False,False,False,True,False,False,False,False,False,False,False,False,False,False,False,False,False,False,False,False,False,False,False,False,False,False,False,False,False,False,False,False,False,False,False,False,False,False,False,False,False,False,False,False,False,False,False,False,True,False,False,False,False,False,False,False,False,False,False,False
223,2015-06-13,1.0,2.0,0.0,0.0,0.0,0.0,0.0,1.0,0.0,21.3,20.8,19.7,0.0,0.0,5.4,0.0,0.0,0.0,1.0,45.924308,14.583872,False,False,False,False,True,False,False,False,False,False,False,False,False,False,False,False,False,False,False,False,False,False,False,False,False,False,False,False,False,False,False,False,False,False,False,False,False,False,False,False,False,False,False,False,False,False,False,False,True,False,False,False,False,False,False,False,False,False,False,False,False
224,2015-06-13,1.0,2.0,0.0,0.0,0.0,0.0,0.0,1.0,0.0,21.3,20.8,19.7,0.0,0.0,5.4,0.0,0.0,0.0,0.0,45.924308,14.583872,False,False,False,False,True,False,False,False,False,False,False,False,False,False,False,False,False,False,False,False,False,False,False,False,False,False,False,False,False,False,False,False,False,False,False,False,False,False,False,False,False,False,False,False,False,False,False,False,True,False,False,False,False,False,False,False,False,False,False,False,False
225,2015-06-14,1.0,1.0,0.0,0.0,0.0,0.0,1.0,0.0,0.0,14.4,16.3,15.9,9.3,0.6,0.3,0.0,0.0,0.0,0.0,46.34596288905016,14.608749449811715,False,False,False,False,True,False,False,False,False,False,False,False,False,False,False,False,False,False,False,False,False,False,False,False,False,False,False,False,False,False,False,False,False,False,False,False,False,False,False,False,False,False,False,False,False,False,False,False,False,True,False,False,False,False,False,False,False,False,False,False,True
226,2015-07-12,3.0,0.0,0.0,0.0,0.0,0.0,0.0,1.0,0.0,14.7,13.5,9.9,0.0,0.0,0.2,0.0,0.0,0.0,3.0,46.34848355459061,14.618118683465173,False,False,False,False,True,False,False,False,False,False,False,False,False,False,False,False,False,False,False,False,False,False,False,False,False,False,False,False,False,False,False,False,False,False,False,False,False,False,False,False,False,False,False,False,False,False,False,False,False,False,False,False,False,True,False,False,False,False,False,False,True
227,2015-07-12,3.0,0.0,0.0,0.0,0.0,0.0,0.0,1.0,0.0,14.7,13.5,9.9,0.0,0.0,0.2,0.0,0.0,0.0,3.0,46.34848355459061,14.618118683465173,False,False,False,False,True,False,False,False,False,False,False,False,False,False,False,False,False,False,False,False,False,False,False,False,False,False,False,False,False,False,False,False,False,False,False,False,False,False,False,False,False,False,False,False,False,False,False,False,False,False,False,False,False,True,False,False,False,False,False,False,True
228,2015-07-12,3.0,0.0,0.0,0.0,0.0,0.0,0.0,1.0,0.0,14.7,13.5,9.9,0.0,0.0,0.2,0.0,0.0,0.0,3.0,46.34848355459061,14.618118683465173,False,False,False,False,True,False,False,False,False,False,False,False,False,False,False,False,False,False,False,False,False,False,False,False,False,False,False,False,False,False,False,False,False,False,False,False,False,False,False,False,False,False,False,False,False,False,False,False,False,False,False,False,False,True,False,False,False,False,False,False,True
229,2015-08-13,0.0,0.0,0.0,0.0,0.0,1.0,0.0,0.0,0.0,26.7,25.7,25.0,0.0,0.0,0.0,0.0,0.0,0.0,2.0,46.574602,15.620413,False,False,False,False,True,False,False,False,False,False,False,False,False,False,False,False,False,False,False,False,False,False,False,False,False,False,False,False,False,False,False,False,False,False,False,False,False,False,False,False,False,False,False,False,False,False,False,False,False,False,False,False,False,False,False,False,False,False,False,False,False
230,2015-08-13,0.0,0.0,0.0,0.0,0.0,1.0,0.0,0.0,0.0,26.7,25.7,25.0,0.0,0.0,0.0,0.0,0.0,0.0,0.0,46.574602,15.620413,False,False,False,False,True,False,False,False,False,False,False,False,False,False,False,False,False,False,False,False,False,False,False,False,False,False,False,False,False,False,False,False,False,False,False,False,False,False,False,False,False,False,False,False,False,False,False,False,False,False,False,False,False,False,False,False,False,False,False,False,False
231,2015-08-15,2.0,0.0,0.0,0.0,0.0,0.0,1.0,0.0,0.0,13.2,15.0,14.5,1.2,0.0,0.0,0.0,0.0,0.0,2.0,46.3533158,14.6203122,False,False,False,False,True,False,False,False,False,False,False,False,False,False,False,False,False,False,False,False,False,False,False,False,False,False,False,False,False,False,False,False,False,False,False,False,False,False,False,False,False,False,False,False,False,False,False,True,False,False,False,False,False,False,False,False,True,False,False,False,False
232,2015-08-15,2.0,0.0,0.0,0.0,0.0,0.0,1.0,0.0,0.0,13.2,15.0,14.5,1.2,0.0,0.0,0.0,0.0,0.0,2.0,46.3533158,14.6203122,False,False,False,False,True,False,False,False,False,False,False,False,False,False,False,False,False,False,False,False,False,False,False,False,False,False,False,False,False,False,False,False,False,False,False,False,False,False,False,False,False,False,False,False,False,False,False,True,False,False,False,False,False,False,False,False,True,False,False,False,False
233,2015-08-29,0.0,0.0,0.0,0.0,0.0,0.0,1.0,0.0,0.0,21.8,20.2,19.0,0.0,0.0,0.0,0.0,0.0,0.0,1.0,46.25,14.66667,False,False,False,False,True,False,False,False,False,False,False,False,False,False,False,False,False,False,False,False,False,False,False,False,False,False,False,False,False,False,False,False,False,False,False,False,False,False,False,False,False,False,False,False,False,False,False,False,False,False,False,False,False,False,False,False,False,False,False,False,False
234,2015-08-28,1.0,1.0,0.0,0.0,0.0,0.0,1.0,0.0,0.0,15.2,13.5,11.5,0.0,0.0,0.0,0.0,0.0,0.0,1.0,46.3442419,14.5469449,False,False,False,False,True,False,False,False,False,False,False,False,False,False,False,False,False,False,False,False,False,False,False,False,False,False,False,False,False,False,False,False,False,False,False,False,False,False,False,False,False,False,False,False,False,False,False,False,False,True,False,False,False,False,False,False,False,True,False,False,False
235,2015-10-19,0.0,0.0,0.0,1.0,0.0,0.0,0.0,0.0,0.0,1.6,3.0,2.0,18.7,0.1,0.0,1.82,0.0,0.0,0.0,46.2959357,14.6520101,False,False,False,False,True,False,False,False,False,False,False,False,False,False,False,False,False,False,False,False,False,False,False,False,False,False,False,False,False,False,False,False,False,False,False,False,False,False,False,False,False,False,False,False,False,False,False,False,False,False,False,False,False,False,False,False,False,False,False,False,False
236,2015-11-04,2.0,0.0,0.0,0.0,0.0,0.0,1.0,0.0,0.0,7.4,4.0,3.4,0.0,0.0,0.0,0.0,0.0,0.0,1.0,46.1600619,14.7749841,False,False,False,False,True,False,False,False,False,False,False,False,False,False,False,False,False,False,False,False,False,False,False,False,False,False,False,False,False,False,False,False,False,False,False,False,False,False,False,False,False,False,False,False,False,False,False,False,False,False,False,False,False,True,False,False,False,False,False,False,True
237,2015-11-04,2.0,0.0,0.0,0.0,0.0,0.0,1.0,0.0,0.0,7.4,4.0,3.4,0.0,0.0,0.0,0.0,0.0,0.0,1.0,46.1600619,14.7749841,False,False,False,False,True,False,False,False,False,False,False,False,False,False,False,False,False,False,False,False,False,False,False,False,False,False,False,False,False,False,False,False,False,False,False,False,False,False,False,False,False,False,False,False,False,False,False,False,False,False,False,False,False,True,False,False,False,False,False,False,True
238,2015-11-04,2.0,0.0,0.0,0.0,0.0,0.0,1.0,0.0,0.0,7.4,4.0,3.4,0.0,0.0,0.0,0.0,0.0,0.0,1.0,46.1600619,14.7749841,False,False,False,False,True,False,False,False,False,False,False,False,False,False,False,False,False,False,False,False,False,False,False,False,False,False,False,False,False,False,False,True,False,False,False,False,False,False,False,False,False,False,False,False,False,False,False,False,False,False,False,False,False,False,True,False,False,False,False,False,False
239,2015-11-04,2.0,0.0,0.0,0.0,0.0,0.0,1.0,0.0,0.0,7.4,4.0,3.4,0.0,0.0,0.0,0.0,0.0,0.0,1.0,46.1600619,14.7749841,False,False,False,False,True,False,False,False,False,False,False,False,False,False,False,False,False,False,False,False,False,False,False,False,False,False,False,False,False,False,False,True,False,False,False,False,False,False,False,False,False,False,False,False,False,False,False,False,False,False,False,False,False,False,True,False,False,False,False,False,False
240,2015-11-12,1.0,2.0,0.0,0.0,0.0,0.0,1.0,0.0,0.0,2.0,1.7,2.4,0.0,0.0,0.2,0.0,0.0,0.0,1.0,46.3653071,14.560199329469853,False,False,False,False,True,False,False,False,False,False,False,False,False,False,False,False,False,False,False,False,False,False,False,False,False,False,False,False,False,False,False,False,False,False,False,False,False,False,False,False,False,False,False,False,False,False,False,False,False,True,False,False,False,False,False,False,True,False,False,False,False
241,2016-01-07,2.0,0.0,0.0,0.0,0.0,0.0,1.0,0.0,0.0,-12.6,-11.0,-11.3,0.0,0.0,0.0,0.0,0.07,0.0,0.0,46.3548859,14.5875496,False,False,False,False,True,False,False,False,False,False,False,False,False,False,False,False,False,False,False,False,False,False,False,False,False,False,False,False,False,False,False,False,False,False,False,False,False,False,False,False,False,False,False,False,False,False,False,False,False,False,False,False,False,True,False,False,False,True,False,False,False
242,2016-01-07,2.0,0.0,0.0,0.0,0.0,0.0,1.0,0.0,0.0,-12.6,-11.0,-11.3,0.0,0.0,0.0,0.0,0.07,0.0,0.0,46.3548859,14.5875496,False,False,False,False,True,False,False,False,False,False,False,False,False,False,False,False,False,False,False,False,False,False,False,False,False,False,False,False,False,False,False,False,False,False,False,False,False,False,False,False,False,False,False,False,False,False,False,False,False,False,False,False,False,True,False,False,False,True,False,False,False
243,2016-01-17,0.0,0.0,0.0,0.0,0.0,0.0,1.0,0.0,0.0,-9.3,-9.2,-5.9,0.0,0.0,0.0,0.35,0.14,0.56,0.0,46.2959357,14.6520101,False,False,False,False,True,False,False,False,False,False,False,False,False,False,False,False,False,False,False,False,False,False,False,False,False,False,False,False,False,False,False,False,False,False,False,False,False,False,False,False,False,False,False,False,False,False,False,False,False,False,False,False,False,False,False,False,False,False,False,False,False
244,2016-01-23,0.0,0.0,0.0,0.0,0.0,0.0,1.0,0.0,0.0,-4.0,-5.9,-7.0,0.0,0.0,0.0,0.49,0.0,0.0,0.0,46.25,14.81667,False,False,False,False,True,False,False,False,False,False,False,False,False,False,False,False,False,False,False,False,False,False,False,False,False,False,False,False,False,False,False,False,False,False,False,False,False,False,False,False,False,False,False,False,False,False,False,False,False,False,False,False,False,False,False,False,False,False,False,False,False
245,2016-03-06,1.0,3.0,0.0,0.0,0.0,0.0,1.0,0.0,0.0,5.6,4.0,2.8,3.1,1.5,0.2,0.0,0.0,2.52,0.0,46.1660251,14.5618632,False,False,False,False,True,False,False,False,False,False,False,False,False,False,False,False,False,False,False,False,False,False,False,False,False,False,False,False,False,False,False,False,False,False,False,False,False,False,False,False,False,False,False,False,False,False,False,False,False,True,False,False,False,False,False,False,False,False,False,False,True
246,2016-05-07,1.0,7.0,0.0,0.0,0.0,0.0,1.0,0.0,0.0,7.5,6.6,5.8,14.8,6.6,4.4,0.0,0.0,0.0,0.0,46.25,14.81667,False,False,False,False,True,False,False,False,False,False,False,False,False,False,False,False,False,False,False,False,False,False,False,False,False,False,False,False,False,False,False,False,False,False,False,False,False,False,False,False,False,False,False,False,False,False,False,False,False,False,False,False,False,False,True,False,False,False,False,False,False
247,2016-06-26,1.0,3.0,0.0,0.0,0.0,0.0,0.0,1.0,0.0,18.4,20.3,21.1,26.2,8.6,1.4,0.0,0.0,0.0,1.0,46.3400798,14.5749178,False,False,False,False,True,False,False,False,False,False,False,False,False,False,False,False,False,False,False,False,False,False,False,False,False,False,False,False,False,False,False,False,False,False,False,False,False,False,False,False,False,False,False,False,False,False,False,False,False,True,False,False,False,False,True,False,False,False,False,False,False
248,2016-07-02,1.0,4.0,0.0,0.0,0.0,0.0,1.0,0.0,0.0,22.3,22.3,22.5,0.5,1.0,0.2,0.0,0.0,0.0,0.0,46.208146,14.611478,False,False,False,False,True,False,False,False,False,False,False,False,False,False,False,False,False,False,False,False,False,False,False,False,False,False,False,False,False,False,False,False,False,False,False,False,False,False,False,False,False,False,False,False,False,False,False,False,False,False,False,False,False,False,False,False,False,False,False,False,True
249,2016-07-05,1.0,3.0,0.0,0.0,0.0,0.0,1.0,0.0,0.0,23.0,21.4,21.0,0.0,0.0,11.3,0.0,0.0,0.0,4.0,45.954434,13.635009,False,False,False,False,True,False,False,False,False,False,False,False,False,False,False,False,False,False,False,False,False,False,False,False,False,False,False,False,False,False,False,False,False,False,False,False,False,False,False,False,False,False,False,False,False,False,False,False,True,False,False,False,False,False,False,False,False,True,False,False,False
250,2016-07-19,1.0,3.0,0.0,0.0,0.0,0.0,1.0,0.0,0.0,13.9,13.6,11.4,9.8,0.4,2.3,0.0,0.0,0.0,0.0,46.2959357,14.6520101,False,False,False,False,True,False,False,False,False,False,False,False,False,False,False,False,False,False,False,False,False,False,False,False,False,False,False,False,False,False,False,False,False,False,False,False,False,False,False,False,False,False,False,False,False,False,False,False,False,True,False,False,False,False,False,False,False,False,False,False,True
251,2016-08-28,1.0,2.0,0.0,0.0,0.0,0.0,1.0,0.0,0.0,21.9,21.3,20.4,0.0,0.0,0.0,0.0,0.0,0.0,0.0,46.574602,15.620413,False,False,False,False,True,False,False,False,False,False,False,False,False,False,False,False,False,False,False,False,False,False,False,False,False,False,False,False,False,False,False,False,False,False,False,False,False,False,False,False,False,False,False,False,False,False,False,False,False,True,False,False,False,False,False,False,False,False,False,False,True
252,2016-08-28,1.0,2.0,0.0,0.0,0.0,0.0,1.0,0.0,0.0,21.9,21.3,20.4,0.0,0.0,0.0,0.0,0.0,0.0,2.0,46.574602,15.620413,False,False,False,False,True,False,False,False,False,False,False,False,False,False,False,False,False,False,False,False,False,False,False,False,False,False,False,False,False,False,False,False,False,False,False,False,False,False,False,False,False,False,False,False,False,False,False,False,False,True,False,False,False,False,False,False,False,False,False,False,True
253,2016-08-28,1.0,2.0,0.0,0.0,0.0,0.0,1.0,0.0,0.0,19.1,18.4,17.6,0.0,0.0,0.0,0.0,0.0,0.0,0.0,46.61889,15.03861,False,False,False,False,True,False,False,False,False,False,False,False,False,False,False,False,False,False,False,False,False,False,False,False,False,False,False,False,False,False,False,False,False,False,False,False,False,False,False,False,False,False,False,False,False,False,False,False,False,True,False,False,False,False,False,False,False,False,False,False,True
254,2016-08-28,1.0,2.0,0.0,0.0,0.0,0.0,1.0,0.0,0.0,19.1,18.4,17.6,0.0,0.0,0.0,0.0,0.0,0.0,2.0,46.61889,15.03861,False,False,False,False,True,False,False,False,False,False,False,False,False,False,False,False,False,False,False,False,False,False,False,False,False,False,False,False,False,False,False,False,False,False,False,False,False,False,False,False,False,False,False,False,False,False,False,False,False,True,False,False,False,False,False,False,False,False,False,False,True
255,2016-09-21,1.0,2.0,0.0,0.0,0.0,0.0,1.0,0.0,0.0,14.2,15.6,16.1,0.0,4.7,4.4,0.0,0.0,0.0,0.0,46.16399347186066,13.701875100527696,False,False,False,False,True,False,False,False,False,False,False,False,False,False,False,False,False,False,False,False,False,False,False,False,False,False,False,False,False,False,False,False,False,False,False,False,False,False,False,False,False,False,False,False,False,False,False,False,False,False,False,False,False,False,False,False,False,False,False,False,True
256,2016-12-17,1.0,0.0,0.0,0.0,0.0,1.0,0.0,0.0,0.0,-8.8,-8.4,-8.9,0.0,0.0,0.0,0.0,0.0,0.0,0.0,46.3632574,14.5577388,False,False,False,False,True,False,False,False,False,False,False,False,False,False,False,False,False,False,False,False,False,False,False,False,False,False,False,False,False,False,False,False,False,False,False,False,False,False,False,False,False,False,False,False,False,False,False,False,False,False,False,False,False,False,False,False,True,False,False,False,False
257,2017-05-02,2.0,0.0,0.0,0.0,0.0,0.0,1.0,0.0,0.0,3.8,4.0,1.7,0.4,3.0,0.0,0.0,0.0,0.0,0.0,46.2959357,14.6520101,False,False,False,False,True,False,False,False,False,False,False,False,False,False,False,False,False,False,False,False,False,False,False,False,False,False,False,False,False,False,False,False,False,False,False,False,False,False,False,False,False,False,False,False,False,False,False,False,False,False,False,False,False,True,False,False,True,False,False,False,False
258,2017-05-02,2.0,0.0,0.0,0.0,0.0,0.0,1.0,0.0,0.0,3.8,4.0,1.7,0.4,3.0,0.0,0.0,0.0,0.0,0.0,46.2959357,14.6520101,False,False,False,False,True,False,False,False,False,False,False,False,False,False,False,False,False,False,False,False,False,False,False,False,False,False,False,False,False,False,False,False,False,False,False,False,False,False,False,False,False,False,False,False,False,False,False,False,False,False,False,False,False,True,False,False,True,False,False,False,False
259,2017-07-26,2.0,0.0,0.0,0.0,0.0,0.0,1.0,0.0,0.0,7.3,8.1,10.3,4.2,7.0,35.7,0.0,0.0,0.0,0.0,46.3523963,14.6377765,False,False,False,False,True,False,False,False,False,False,False,False,False,False,False,False,False,False,False,False,False,False,False,False,False,False,False,False,False,False,False,False,False,False,False,False,False,False,False,False,False,False,False,False,False,False,False,False,False,False,False,False,False,True,False,False,True,False,False,False,False
260,2017-07-26,2.0,0.0,0.0,0.0,0.0,0.0,1.0,0.0,0.0,7.3,8.1,10.3,4.2,7.0,35.7,0.0,0.0,0.0,0.0,46.3523963,14.6377765,False,False,False,False,True,False,False,False,False,False,False,False,False,False,False,False,False,False,False,False,False,False,False,False,False,False,False,False,False,False,False,False,False,False,False,False,False,False,False,False,False,False,False,False,False,False,False,False,False,False,False,False,False,True,False,False,True,False,False,False,False
261,2017-09-02,1.0,0.0,0.0,0.0,1.0,0.0,0.0,0.0,0.0,8.1,12.7,15.3,16.7,3.7,0.0,0.0,0.0,0.0,0.0,46.2959357,14.6520101,False,False,False,False,True,False,False,False,False,False,False,False,False,False,False,False,False,False,False,False,False,False,False,False,False,False,False,False,False,False,False,False,False,False,False,False,False,False,False,False,False,False,False,False,False,False,False,False,False,False,False,False,False,True,False,False,False,False,False,False,False
262,2017-10-08,5.0,0.0,0.0,0.0,0.0,1.0,0.0,0.0,0.0,8.1,7.0,8.4,0.0,0.2,1.9,0.0,0.0,0.0,0.0,46.63908265,15.151788838379261,False,False,False,False,True,False,False,False,False,False,False,False,False,False,False,False,False,False,False,False,False,False,False,False,False,False,False,False,False,False,False,False,False,False,False,False,False,False,False,False,False,False,False,False,False,False,False,False,False,False,False,False,False,True,False,False,False,True,False,False,False
263,2017-10-08,5.0,0.0,0.0,0.0,0.0,1.0,0.0,0.0,0.0,8.1,7.0,8.4,0.0,0.2,1.9,0.0,0.0,0.0,0.0,46.63908265,15.151788838379261,False,False,False,False,True,False,False,False,False,False,False,False,False,False,False,False,False,False,False,False,False,False,False,False,False,False,False,False,False,False,False,False,False,False,False,False,False,False,False,False,False,False,False,False,False,False,False,False,False,False,False,False,False,True,False,False,False,True,False,False,False
264,2017-10-08,5.0,0.0,0.0,0.0,0.0,1.0,0.0,0.0,0.0,8.1,7.0,8.4,0.0,0.2,1.9,0.0,0.0,0.0,0.0,46.63908265,15.151788838379261,False,False,False,False,True,False,False,False,False,False,False,False,False,False,False,False,False,False,False,False,False,False,False,False,False,False,False,False,False,False,False,False,False,False,False,False,False,False,False,False,False,False,False,False,False,False,False,False,False,False,False,False,False,True,False,False,False,True,False,False,False
265,2017-10-08,5.0,0.0,0.0,0.0,0.0,1.0,0.0,0.0,0.0,8.1,7.0,8.4,0.0,0.2,1.9,0.0,0.0,0.0,0.0,46.63908265,15.151788838379261,False,False,False,False,True,False,False,False,False,False,False,False,False,False,False,False,False,False,False,False,False,False,False,False,False,False,False,False,False,False,False,False,False,False,False,False,False,False,False,False,False,False,False,False,False,False,False,False,False,False,False,False,False,True,False,False,False,True,False,False,False
266,2017-10-08,5.0,0.0,0.0,0.0,0.0,1.0,0.0,0.0,0.0,8.1,7.0,8.4,0.0,0.2,1.9,0.0,0.0,0.0,0.0,46.63908265,15.151788838379261,False,False,False,False,True,False,False,False,False,False,False,False,False,False,False,False,False,False,False,False,False,False,False,False,False,False,False,False,False,False,False,False,False,False,False,False,False,False,False,False,False,False,False,False,False,False,False,False,False,False,False,False,False,True,False,False,False,True,False,False,False
267,2017-10-08,5.0,0.0,0.0,0.0,0.0,1.0,0.0,0.0,0.0,8.1,7.0,8.4,0.0,0.2,1.9,0.0,0.0,0.0,0.0,46.63908265,15.151788838379261,False,False,False,False,True,False,False,False,False,False,False,False,False,False,False,False,False,False,False,False,False,False,False,False,False,False,False,False,False,False,False,False,False,False,False,False,False,False,False,False,False,False,False,False,False,False,False,False,False,False,False,False,False,True,False,False,True,False,False,False,False
268,2017-10-08,5.0,0.0,0.0,0.0,0.0,1.0,0.0,0.0,0.0,8.1,7.0,8.4,0.0,0.2,1.9,0.0,0.0,0.0,0.0,46.63908265,15.151788838379261,False,False,False,False,True,False,False,False,False,False,False,False,False,False,False,False,False,False,False,False,False,False,False,False,False,False,False,False,False,False,False,False,False,False,False,False,False,False,False,False,False,False,False,False,False,False,False,False,False,False,False,False,False,True,False,False,True,False,False,False,False
269,2017-10-08,5.0,0.0,0.0,0.0,0.0,1.0,0.0,0.0,0.0,8.1,7.0,8.4,0.0,0.2,1.9,0.0,0.0,0.0,0.0,46.63908265,15.151788838379261,False,False,False,False,True,False,False,False,False,False,False,False,False,False,False,False,False,False,False,False,False,False,False,False,False,False,False,False,False,False,False,False,False,False,False,False,False,False,False,False,False,False,False,False,False,False,False,False,False,False,False,False,False,True,False,False,True,False,False,False,False
270,2017-10-08,5.0,0.0,0.0,0.0,0.0,1.0,0.0,0.0,0.0,8.1,7.0,8.4,0.0,0.2,1.9,0.0,0.0,0.0,0.0,46.63908265,15.151788838379261,False,False,False,False,True,False,False,False,False,False,False,False,False,False,False,False,False,False,False,False,False,False,False,False,False,False,False,False,False,False,False,False,False,False,False,False,False,False,False,False,False,False,False,False,False,False,False,False,False,False,False,False,False,True,False,False,True,False,False,False,False
271,2017-10-08,5.0,0.0,0.0,0.0,0.0,1.0,0.0,0.0,0.0,8.1,7.0,8.4,0.0,0.2,1.9,0.0,0.0,0.0,0.0,46.63908265,15.151788838379261,False,False,False,False,True,False,False,False,False,False,False,False,False,False,False,False,False,False,False,False,False,False,False,False,False,False,False,False,False,False,False,False,False,False,False,False,False,False,False,False,False,False,False,False,False,False,False,False,False,False,False,False,False,True,False,False,True,False,False,False,False
272,2017-10-08,1.0,3.0,0.0,0.0,0.0,0.0,0.0,1.0,0.0,6.5,6.2,5.8,3.0,0.0,8.0,0.0,0.0,0.0,3.0,46.2881941,14.5721672,False,False,False,False,True,False,False,False,False,False,False,False,False,False,False,False,False,False,False,False,False,False,False,False,False,False,False,False,False,False,False,False,False,False,False,False,False,False,False,False,False,False,False,False,False,False,False,False,False,True,False,False,False,False,False,False,False,False,False,False,False
273,2017-10-13,1.0,7.0,0.0,0.0,0.0,0.0,0.0,1.0,0.0,8.7,6.1,4.8,0.0,0.1,0.0,0.0,0.0,0.0,4.0,46.375773165390484,13.813913357489527,False,False,False,False,True,False,False,False,False,False,False,False,False,False,False,False,False,False,False,False,False,False,False,False,False,False,False,False,False,False,False,False,False,False,False,False,False,False,False,False,False,False,False,False,False,False,False,False,False,True,False,False,False,False,False,False,False,False,False,False,False
274,2017-10-13,1.0,7.0,0.0,0.0,0.0,0.0,0.0,1.0,0.0,8.7,6.1,4.8,0.0,0.1,0.0,0.0,0.0,0.0,2.0,46.375773165390484,13.813913357489527,False,False,False,False,True,False,False,False,False,False,False,False,False,False,False,False,False,False,False,False,False,False,False,False,False,False,False,False,False,False,False,False,False,False,False,False,False,False,False,False,False,False,False,False,False,False,False,False,False,True,False,False,False,False,False,False,False,False,False,False,False
275,2017-10-13,1.0,1.0,0.0,0.0,0.0,0.0,1.0,0.0,0.0,7.4,4.7,3.5,0.0,0.0,0.0,0.0,0.0,0.0,4.0,46.3533158,14.6203122,False,False,False,False,True,False,False,False,False,False,False,False,False,False,False,False,False,False,False,False,False,False,False,False,False,False,False,False,False,False,False,False,False,False,False,False,False,False,False,False,False,False,False,False,False,False,False,True,False,False,False,False,False,False,False,False,False,True,False,False,False
276,2017-10-13,1.0,1.0,0.0,0.0,0.0,0.0,1.0,0.0,0.0,7.4,4.7,3.5,0.0,0.0,0.0,0.0,0.0,0.0,2.0,46.3533158,14.6203122,False,False,False,False,True,False,False,False,False,False,False,False,False,False,False,False,False,False,False,False,False,False,False,False,False,False,False,False,False,False,False,False,False,False,False,False,False,False,False,False,False,False,False,False,False,False,False,True,False,False,False,False,False,False,False,False,False,True,False,False,False
277,2017-10-15,1.0,5.0,0.0,0.0,0.0,0.0,0.0,1.0,0.0,13.5,13.4,13.3,0.0,0.0,0.0,0.0,0.0,0.0,2.0,45.699575,15.055724,False,False,False,False,True,False,False,False,False,False,False,False,False,False,False,False,False,False,False,False,False,False,False,False,False,False,False,False,False,False,False,False,False,False,False,False,False,False,False,False,False,False,False,False,False,False,False,False,False,True,False,False,False,False,True,False,False,False,False,False,False
278,2017-10-15,1.0,5.0,0.0,0.0,0.0,0.0,0.0,1.0,0.0,13.5,13.4,13.3,0.0,0.0,0.0,0.0,0.0,0.0,0.0,45.699575,15.055724,False,False,False,False,True,False,False,False,False,False,False,False,False,False,False,False,False,False,False,False,False,False,False,False,False,False,False,False,False,False,False,False,False,False,False,False,False,False,False,False,False,False,False,False,False,False,False,False,False,True,False,False,False,False,True,False,False,False,False,False,False
279,2017-10-15,1.0,0.0,0.0,0.0,0.0,1.0,0.0,0.0,0.0,11.0,8.8,9.4,0.0,0.0,0.0,0.0,0.0,0.0,2.0,46.2959357,14.6520101,False,False,False,False,True,False,False,False,False,False,False,False,False,False,False,False,False,False,False,False,False,False,False,False,False,False,False,False,False,False,False,False,False,False,False,False,False,False,False,False,False,False,False,False,False,False,False,False,False,False,False,False,False,True,False,False,False,False,False,False,True
280,2017-10-15,1.0,0.0,0.0,0.0,0.0,1.0,0.0,0.0,0.0,11.0,8.8,9.4,0.0,0.0,0.0,0.0,0.0,0.0,0.0,46.2959357,14.6520101,False,False,False,False,True,False,False,False,False,False,False,False,False,False,False,False,False,False,False,False,False,False,False,False,False,False,False,False,False,False,False,False,False,False,False,False,False,False,False,False,False,False,False,False,False,False,False,False,False,False,False,False,False,True,False,False,False,False,False,False,True
281,2017-10-19,0.0,0.0,0.0,0.0,0.0,0.0,0.0,1.0,0.0,12.2,12.3,14.9,0.0,0.0,0.0,0.0,0.0,0.0,6.0,45.78498,14.55328,False,False,False,False,True,False,False,False,False,False,False,False,False,False,False,False,False,False,False,False,False,False,False,False,False,False,False,False,False,False,False,False,False,False,False,False,False,False,False,False,False,False,False,False,False,False,False,False,False,False,False,False,False,False,False,False,False,False,False,False,False
282,2017-12-26,1.0,0.0,0.0,0.0,0.0,0.0,1.0,0.0,0.0,-0.5,1.0,5.2,3.6,0.0,0.0,0.0,0.0,0.0,0.0,46.279444,14.655821623688462,False,False,False,False,True,False,False,False,False,False,False,False,False,False,False,False,False,False,False,False,False,False,False,False,False,False,False,False,False,False,False,False,False,False,False,False,False,False,False,False,False,False,False,False,False,False,False,False,False,False,False,False,False,True,False,False,False,False,False,False,True
283,2018-01-21,1.0,2.0,0.0,1.0,0.0,0.0,0.0,0.0,0.0,-3.6,-4.9,-3.0,0.0,0.0,1.9,0.56,0.21,2.73,0.0,46.285883,14.6616231,False,False,False,False,True,False,False,False,False,False,False,False,False,False,False,False,False,False,False,False,False,False,False,False,False,False,False,False,False,False,False,False,False,False,False,False,False,False,False,False,False,False,False,False,False,False,False,False,False,True,False,False,False,False,True,False,False,False,False,False,False
284,2018-01-24,2.0,0.0,0.0,0.0,0.0,0.0,0.0,1.0,0.0,0.7,0.1,-4.3,0.0,0.0,0.0,0.0,0.0,0.07,2.0,46.2881941,14.5721672,False,False,False,False,True,False,False,False,False,False,False,False,False,False,False,False,False,False,False,False,False,False,False,False,False,False,False,False,False,False,False,False,False,False,False,False,False,False,False,False,False,False,False,False,False,False,False,False,False,False,True,False,False,False,False,False,False,True,False,False,False
285,2018-01-24,2.0,0.0,0.0,0.0,0.0,0.0,0.0,1.0,0.0,0.7,0.1,-4.3,0.0,0.0,0.0,0.0,0.0,0.07,2.0,46.2881941,14.5721672,False,False,False,False,True,False,False,False,False,False,False,False,False,False,False,False,False,False,False,False,False,False,False,False,False,False,False,False,False,False,False,False,False,False,False,False,False,False,False,False,False,False,False,False,False,False,False,False,False,False,True,False,False,False,False,False,False,True,False,False,False
286,2018-01-24,2.0,0.0,0.0,0.0,0.0,0.0,0.0,1.0,0.0,0.7,0.1,-4.3,0.0,0.0,0.0,0.0,0.0,0.07,2.0,46.2881941,14.5721672,False,False,False,False,True,False,False,False,False,False,False,False,False,False,False,False,False,False,False,False,False,False,False,False,False,False,False,False,False,False,False,False,False,False,False,False,False,False,False,False,False,False,False,False,False,False,False,False,False,False,True,False,False,False,False,False,False,False,False,False,False
287,2018-01-24,2.0,0.0,0.0,0.0,0.0,0.0,0.0,1.0,0.0,0.7,0.1,-4.3,0.0,0.0,0.0,0.0,0.0,0.07,2.0,46.2881941,14.5721672,False,False,False,False,True,False,False,False,False,False,False,False,False,False,False,False,False,False,False,False,False,False,False,False,False,False,False,False,False,False,False,False,False,False,False,False,False,False,False,False,False,False,False,False,False,False,False,False,False,False,True,False,False,False,False,False,False,False,False,False,False
288,2018-02-02,1.0,1.0,0.0,0.0,0.0,0.0,1.0,0.0,0.0,-4.9,-1.7,-2.5,3.6,26.0,0.6,27.23,0.91,0.42,0.0,46.2959357,14.6520101,False,False,False,False,True,False,False,False,False,False,False,False,False,False,False,False,False,False,False,False,False,False,False,False,False,False,False,False,False,False,False,False,False,False,False,False,False,False,False,False,False,False,False,False,False,False,False,True,False,False,False,False,False,False,False,False,False,False,False,False,True
289,2018-02-04,1.0,4.0,0.0,0.0,0.0,0.0,1.0,0.0,0.0,-7.7,-6.6,-4.9,0.0,0.0,3.6,0.35,8.89,27.23,0.0,46.2959357,14.6520101,False,False,False,False,True,False,False,False,False,False,False,False,False,False,False,False,False,False,False,False,False,False,False,False,False,False,False,False,False,False,False,False,False,False,False,False,False,False,False,False,False,False,False,False,False,False,False,False,False,True,False,False,False,False,False,False,False,True,False,False,False
290,2018-06-27,1.0,0.0,0.0,0.0,0.0,0.0,1.0,0.0,0.0,11.2,11.1,9.5,0.6,0.3,18.9,0.0,0.0,0.0,1.0,46.2881941,14.5721672,False,False,False,False,True,False,False,False,False,False,False,False,False,False,False,False,False,False,False,False,False,False,False,False,False,False,False,False,False,False,False,False,False,False,False,False,False,False,False,False,False,False,False,False,False,False,False,False,False,False,False,False,False,True,False,False,True,False,False,False,False
291,2018-06-28,1.0,2.0,0.0,0.0,0.0,0.0,1.0,0.0,0.0,4.5,4.4,4.6,4.2,0.9,0.7,0.0,0.0,0.0,1.0,46.365435,14.560007,False,False,False,False,True,False,False,False,False,False,False,False,False,False,False,False,False,False,False,False,False,False,False,False,False,False,False,False,False,False,False,False,False,False,False,False,False,False,False,False,False,False,False,False,False,False,False,False,False,True,False,False,False,False,False,False,False,True,False,False,False
292,2018-06-30,0.0,0.0,0.0,0.0,0.0,0.0,1.0,0.0,0.0,11.6,11.0,7.4,7.1,8.0,4.4,0.0,0.0,0.0,0.0,46.3442419,14.5469449,False,False,False,False,True,False,False,False,False,False,False,False,False,False,False,False,False,False,False,False,False,False,False,False,False,False,False,False,False,False,False,False,False,False,False,False,False,False,False,False,False,False,False,False,False,False,False,False,False,False,False,False,False,False,False,False,False,False,False,False,False
293,2018-07-01,1.0,7.0,0.0,0.0,0.0,0.0,1.0,0.0,0.0,7.4,11.6,11.0,0.2,7.1,8.0,0.0,0.0,0.0,1.0,46.3442419,14.5469449,False,False,False,False,True,False,False,False,False,False,False,False,False,False,False,False,False,False,False,False,False,False,False,False,False,False,False,False,False,False,False,False,False,False,False,False,False,False,False,False,False,False,False,False,False,False,False,False,False,False,False,False,False,False,False,False,False,False,False,False,True
294,2018-09-28,1.0,2.0,0.0,1.0,0.0,0.0,0.0,0.0,0.0,12.8,11.0,8.7,0.0,0.0,0.0,0.0,0.0,0.0,0.0,46.547254,15.659025,False,False,False,False,True,False,False,False,False,False,False,False,False,False,False,False,False,False,False,False,False,False,False,False,False,False,False,False,False,False,False,False,False,False,False,False,False,False,False,False,False,False,False,False,False,False,False,False,False,True,False,False,False,False,True,False,False,False,False,False,False
295,2018-09-28,0.0,0.0,0.0,0.0,0.0,0.0,1.0,0.0,0.0,9.8,7.7,1.9,0.0,0.0,0.0,0.0,0.0,0.0,2.0,46.3016301,14.5518978,False,False,False,False,True,False,False,False,False,False,False,False,False,False,False,False,False,False,False,False,False,False,False,False,False,False,False,False,False,False,False,False,False,False,False,False,False,False,False,False,False,False,False,False,False,False,False,False,False,False,False,False,False,False,False,False,False,False,False,False,False
296,2018-10-24,1.0,5.0,0.0,0.0,0.0,0.0,0.0,1.0,0.0,4.8,3.0,0.7,0.0,0.0,0.0,0.0,0.0,0.0,2.0,46.3443725,14.6154193,False,False,False,False,True,False,False,False,False,False,False,False,False,False,False,False,False,False,False,False,False,False,False,False,False,False,False,False,False,False,False,False,False,False,False,False,False,False,False,False,False,False,False,False,False,False,False,False,False,True,False,False,False,False,False,False,False,False,False,False,False
297,2019-07-03,3.0,0.0,0.0,0.0,0.0,0.0,1.0,0.0,0.0,9.8,12.9,16.3,15.5,8.2,0.0,0.0,0.0,0.0,0.0,46.3653071,14.560199329469853,False,False,False,False,True,False,False,False,False,False,False,False,False,False,False,False,False,False,False,False,False,False,False,False,False,False,False,False,False,False,False,False,False,False,False,False,False,False,False,False,False,False,False,False,False,False,False,True,False,False,False,False,False,False,False,False,True,False,False,False,False
298,2019-07-03,3.0,0.0,0.0,0.0,0.0,0.0,1.0,0.0,0.0,9.8,12.9,16.3,15.5,8.2,0.0,0.0,0.0,0.0,0.0,46.3653071,14.560199329469853,False,False,False,False,True,False,False,False,False,False,False,False,False,False,False,False,False,False,False,False,False,False,False,False,False,False,False,False,False,False,False,False,False,False,False,False,False,False,False,False,False,False,False,False,False,False,False,True,False,False,False,False,False,False,False,False,True,False,False,False,False
299,2019-07-03,3.0,0.0,0.0,0.0,0.0,0.0,1.0,0.0,0.0,9.8,12.9,16.3,15.5,8.2,0.0,0.0,0.0,0.0,0.0,46.3653071,14.560199329469853,False,False,False,False,True,False,False,False,False,False,False,False,False,False,False,False,False,False,False,False,False,False,False,False,False,False,False,False,False,False,False,False,False,False,False,False,False,False,False,False,False,False,False,False,False,False,False,True,False,False,False,False,False,False,False,False,True,False,False,False,False
300,2019-07-03,3.0,0.0,0.0,0.0,0.0,0.0,1.0,0.0,0.0,9.8,12.9,16.3,15.5,8.2,0.0,0.0,0.0,0.0,0.0,46.3653071,14.560199329469853,False,False,False,False,True,False,False,False,False,False,False,False,False,False,False,False,False,False,False,False,False,False,False,False,False,False,False,False,False,False,False,False,False,False,False,False,False,False,False,False,False,False,False,False,False,False,False,True,False,False,False,False,False,False,False,False,True,False,False,False,False
301,2019-07-03,3.0,0.0,0.0,0.0,0.0,0.0,1.0,0.0,0.0,9.8,12.9,16.3,15.5,8.2,0.0,0.0,0.0,0.0,0.0,46.3653071,14.560199329469853,False,False,False,False,True,False,False,False,False,False,False,False,False,False,False,False,False,False,False,False,False,False,False,False,False,False,False,False,False,False,False,False,False,False,False,False,False,False,False,False,False,False,False,False,False,False,False,True,False,False,False,False,False,False,False,False,True,False,False,False,False
302,2019-07-03,3.0,0.0,0.0,0.0,0.0,0.0,1.0,0.0,0.0,9.8,12.9,16.3,15.5,8.2,0.0,0.0,0.0,0.0,0.0,46.3653071,14.560199329469853,False,False,False,False,True,False,False,False,False,False,False,False,False,False,False,False,False,False,False,False,False,False,False,False,False,False,False,False,False,False,False,False,False,False,False,False,False,False,False,False,False,False,False,False,False,False,False,True,False,False,False,False,False,False,False,False,True,False,False,False,False
303,2019-08-16,2.0,0.0,0.0,0.0,0.0,1.0,0.0,0.0,0.0,10.8,10.7,10.1,14.3,0.0,4.4,0.0,0.0,0.0,0.0,46.2959357,14.6520101,False,False,False,False,True,False,False,False,False,False,False,False,False,False,False,False,False,False,False,False,False,False,False,False,False,False,False,False,False,False,False,False,False,False,False,False,False,False,False,False,False,False,False,False,False,False,False,False,False,False,False,False,False,True,False,False,False,False,False,False,True
304,2019-08-16,2.0,0.0,0.0,0.0,0.0,1.0,0.0,0.0,0.0,10.8,10.7,10.1,14.3,0.0,4.4,0.0,0.0,0.0,0.0,46.2959357,14.6520101,False,False,False,False,True,False,False,False,False,False,False,False,False,False,False,False,False,False,False,False,False,False,False,False,False,False,False,False,False,False,False,False,False,False,False,False,False,False,False,False,False,False,False,False,False,False,False,False,False,False,False,False,False,True,False,False,False,False,False,False,True
305,2019-08-16,2.0,0.0,0.0,0.0,0.0,1.0,0.0,0.0,0.0,10.8,10.7,10.1,14.3,0.0,4.4,0.0,0.0,0.0,0.0,46.2959357,14.6520101,False,False,False,False,True,False,False,False,False,False,False,False,False,False,False,False,False,False,False,False,False,False,False,False,False,False,False,False,False,False,False,False,False,False,False,False,False,False,False,False,False,False,False,False,False,False,False,False,False,False,False,False,False,True,False,False,False,False,False,False,True
306,2019-08-16,2.0,0.0,0.0,0.0,0.0,1.0,0.0,0.0,0.0,10.8,10.7,10.1,14.3,0.0,4.4,0.0,0.0,0.0,0.0,46.2959357,14.6520101,False,False,False,False,True,False,False,False,False,False,False,False,False,False,False,False,False,False,False,False,False,False,False,False,False,False,False,False,False,False,False,False,False,False,False,False,False,False,False,False,False,False,False,False,False,False,False,False,False,False,False,False,False,True,False,False,False,False,False,False,True
307,2019-08-17,3.0,0.0,0.0,0.0,0.0,0.0,1.0,0.0,0.0,13.1,10.8,10.7,0.0,14.3,0.0,0.0,0.0,0.0,0.0,46.2959357,14.6520101,False,False,False,False,True,False,False,False,False,False,False,False,False,False,False,False,False,False,False,False,False,False,False,False,False,False,False,False,False,False,False,False,False,False,False,False,False,False,False,False,False,False,False,False,False,False,False,False,False,False,False,False,False,True,False,False,False,False,False,False,True
308,2019-08-17,3.0,0.0,0.0,0.0,0.0,0.0,1.0,0.0,0.0,13.1,10.8,10.7,0.0,14.3,0.0,0.0,0.0,0.0,0.0,46.2959357,14.6520101,False,False,False,False,True,False,False,False,False,False,False,False,False,False,False,False,False,False,False,False,False,False,False,False,False,False,False,False,False,False,False,False,False,False,False,False,False,False,False,False,False,False,False,False,False,False,False,False,False,False,False,False,False,True,False,False,False,False,False,False,True
309,2019-08-17,3.0,0.0,0.0,0.0,0.0,0.0,1.0,0.0,0.0,13.1,10.8,10.7,0.0,14.3,0.0,0.0,0.0,0.0,0.0,46.2959357,14.6520101,False,False,False,False,True,False,False,False,False,False,False,False,False,False,False,False,False,False,False,False,False,False,False,False,False,False,False,False,False,False,False,False,False,False,False,False,False,False,False,False,False,False,False,False,False,False,False,False,False,False,False,False,False,True,False,False,False,False,False,False,True
310,2020-04-10,1.0,7.0,0.0,0.0,0.0,0.0,1.0,0.0,0.0,8.2,6.7,4.2,0.4,0.0,0.0,0.0,0.0,0.0,4.0,46.3445268,14.4132639,False,False,False,False,True,False,False,False,False,False,False,False,False,False,False,False,False,False,False,False,False,False,False,False,False,False,False,False,False,False,False,False,False,False,False,False,False,False,False,False,False,False,False,False,False,False,False,False,False,True,False,False,False,False,True,False,False,False,False,False,False
311,2020-07-05,1.0,2.0,0.0,0.0,0.0,0.0,1.0,0.0,0.0,20.4,19.8,19.5,0.0,0.0,6.8,0.0,0.0,0.0,0.0,46.254051,14.604792,False,False,False,False,True,False,False,False,False,False,False,False,False,False,False,False,False,False,False,False,False,False,False,False,False,False,False,False,False,False,False,False,False,False,False,False,False,False,False,False,False,False,False,False,False,False,False,False,False,True,False,False,False,False,False,False,False,True,False,False,False
312,2020-07-05,2.0,0.0,0.0,0.0,0.0,1.0,0.0,0.0,0.0,20.4,19.8,19.5,0.0,0.0,6.8,0.0,0.0,0.0,4.0,46.254051,14.604792,False,False,False,False,True,False,False,False,False,False,False,False,False,False,False,False,False,False,False,False,False,False,False,False,False,False,False,False,False,False,False,False,False,False,False,False,False,False,False,False,False,False,False,False,False,False,False,False,False,False,False,False,False,True,False,False,False,False,False,False,True
313,2020-07-05,2.0,0.0,0.0,0.0,0.0,1.0,0.0,0.0,0.0,20.4,19.8,19.5,0.0,0.0,6.8,0.0,0.0,0.0,4.0,46.254051,14.604792,False,False,False,False,True,False,False,False,False,False,False,False,False,False,False,False,False,False,False,False,False,False,False,False,False,False,False,False,False,False,False,False,False,False,False,False,False,False,False,False,False,False,False,False,False,False,False,False,False,False,False,False,False,True,False,False,False,False,False,False,True
314,2020-08-27,1.0,0.0,0.0,0.0,0.0,1.0,0.0,0.0,0.0,13.7,12.5,10.6,0.0,0.0,1.0,0.0,0.0,0.0,2.0,46.3443725,14.6154193,False,False,False,False,True,False,False,False,False,False,False,False,False,False,False,False,False,False,False,False,False,False,False,False,False,False,False,False,False,False,False,False,False,False,False,False,False,False,False,False,False,False,False,False,False,False,False,False,False,False,False,False,False,True,False,False,False,False,False,False,False
315,2020-09-15,1.0,2.0,0.0,0.0,0.0,0.0,1.0,0.0,0.0,13.4,13.3,13.8,0.0,0.0,0.0,0.0,0.0,0.0,4.0,46.3445268,14.4132639,False,False,False,False,True,False,False,False,False,False,False,False,False,False,False,False,False,False,False,False,False,False,False,False,False,False,False,False,False,False,False,False,False,False,False,False,False,False,False,False,False,False,False,False,False,False,False,False,False,True,False,False,False,False,False,False,True,False,False,False,False
316,2021-01-13,1.0,3.0,0.0,1.0,0.0,0.0,0.0,0.0,0.0,-7.2,-8.3,-10.0,0.0,0.0,0.0,0.0,0.0,0.0,0.0,46.2959357,14.6520101,False,False,False,False,True,False,False,False,False,False,False,False,False,False,False,False,False,False,False,False,False,False,False,False,False,False,False,False,False,False,False,False,False,False,False,False,False,False,False,False,False,False,False,False,False,False,False,False,False,False,False,False,False,False,False,False,False,False,False,False,True
317,2021-02-28,5.0,0.0,0.0,0.0,0.0,1.0,0.0,0.0,0.0,-3.2,0.5,8.5,0.0,0.3,0.0,0.0,0.0,0.0,0.0,46.2959357,14.6520101,False,False,False,False,True,False,False,False,False,False,False,False,False,False,False,False,False,False,False,False,False,False,False,False,False,False,False,False,False,False,False,False,False,False,False,False,False,False,False,False,False,False,False,False,False,False,False,False,False,False,False,False,False,True,False,False,False,False,False,False,True
318,2021-02-28,5.0,0.0,0.0,0.0,0.0,1.0,0.0,0.0,0.0,-3.2,0.5,8.5,0.0,0.3,0.0,0.0,0.0,0.0,0.0,46.2959357,14.6520101,False,False,False,False,True,False,False,False,False,False,False,False,False,False,False,False,False,False,False,False,False,False,False,False,False,False,False,False,False,False,False,False,False,False,False,False,False,False,False,False,False,False,False,False,False,False,False,False,False,False,False,False,False,True,False,False,False,False,False,False,True
319,2021-02-28,5.0,0.0,0.0,0.0,0.0,1.0,0.0,0.0,0.0,-3.2,0.5,8.5,0.0,0.3,0.0,0.0,0.0,0.0,0.0,46.2959357,14.6520101,False,False,False,False,True,False,False,False,False,False,False,False,False,False,False,False,False,False,False,False,False,False,False,False,False,False,False,False,False,False,False,False,False,False,False,False,False,False,False,False,False,False,False,False,False,False,False,False,False,False,False,False,False,True,False,False,False,False,False,False,True
320,2021-02-28,5.0,0.0,0.0,0.0,0.0,1.0,0.0,0.0,0.0,-3.2,0.5,8.5,0.0,0.3,0.0,0.0,0.0,0.0,0.0,46.2959357,14.6520101,False,False,False,False,True,False,False,False,False,False,False,False,False,False,False,False,False,False,False,False,False,False,False,False,False,False,False,False,False,False,False,False,False,False,False,False,False,False,False,False,False,False,False,False,False,False,False,False,False,False,False,False,False,True,False,False,False,False,False,False,True
321,2021-02-28,5.0,0.0,0.0,0.0,0.0,1.0,0.0,0.0,0.0,-3.2,0.5,8.5,0.0,0.3,0.0,0.0,0.0,0.0,0.0,46.2959357,14.6520101,False,False,False,False,True,False,False,False,False,False,False,False,False,False,False,False,False,False,False,False,False,False,False,False,False,False,False,False,False,False,False,False,False,False,False,False,False,False,False,False,False,False,False,False,False,False,False,False,False,False,False,False,False,True,False,False,False,False,False,False,True
322,2022-01-23,0.0,0.0,0.0,0.0,0.0,0.0,1.0,0.0,0.0,0.5,1.5,-0.3,0.0,0.1,0.0,0.0,0.07,0.35,0.0,45.855546,14.8279973,False,False,False,False,True,False,False,False,False,False,False,False,False,False,False,False,False,False,False,False,False,False,False,False,False,False,False,False,False,False,False,False,False,False,False,False,False,False,False,False,False,False,False,False,False,False,False,False,False,False,False,False,False,False,False,False,False,False,False,False,False
323,2022-01-23,0.0,0.0,0.0,0.0,0.0,0.0,1.0,0.0,0.0,0.5,1.5,-0.3,0.0,0.1,0.0,0.0,0.07,0.35,1.0,45.855546,14.8279973,False,False,False,False,True,False,False,False,False,False,False,False,False,False,False,False,False,False,False,False,False,False,False,False,False,False,False,False,False,False,False,False,False,False,False,False,False,False,False,False,False,False,False,False,False,False,False,False,False,False,False,False,False,False,False,False,False,False,False,False,False
324,2022-07-27,2.0,0.0,0.0,0.0,0.0,0.0,1.0,0.0,0.0,9.3,11.4,14.7,2.1,0.6,0.0,0.0,0.0,0.0,2.0,46.3653071,14.560199329469853,False,False,False,False,True,False,False,False,False,False,False,False,False,False,False,False,False,False,False,False,False,False,False,False,False,False,False,False,False,False,False,False,False,False,False,False,False,False,False,False,False,False,False,False,False,False,False,False,False,False,False,False,True,False,False,False,False,False,False,False,True
325,2022-07-27,2.0,0.0,0.0,0.0,0.0,0.0,1.0,0.0,0.0,9.3,11.4,14.7,2.1,0.6,0.0,0.0,0.0,0.0,2.0,46.3653071,14.560199329469853,False,False,False,False,True,False,False,False,False,False,False,False,False,False,False,False,False,False,False,False,False,False,False,False,False,False,False,False,False,False,False,False,False,False,False,False,False,False,False,False,False,False,False,False,False,False,False,False,False,False,False,False,True,False,False,False,False,False,False,False,True
326,2023-04-10,0.0,0.0,0.0,0.0,0.0,1.0,0.0,0.0,0.0,-4.6,-6.5,-3.8,0.0,0.0,0.2,0.0,2.52,3.01,3.0,46.3589137,14.5679088,False,False,False,False,True,False,False,False,False,False,False,False,False,False,False,False,False,False,False,False,False,False,False,False,False,False,False,False,False,False,False,False,False,False,False,False,False,False,False,False,False,False,False,False,False,False,False,False,False,False,False,False,False,False,False,False,False,False,False,False,False
327,2023-05-21,1.0,2.0,0.0,0.0,0.0,0.0,1.0,0.0,0.0,8.0,6.2,3.0,0.0,0.7,0.1,0.0,0.0,0.0,4.0,46.3088373,14.5414439,False,False,False,False,True,False,False,False,False,False,False,False,False,False,False,False,False,False,False,False,False,False,False,False,False,False,False,False,False,False,False,False,False,False,False,False,False,False,False,False,False,False,False,False,False,False,False,False,False,True,False,False,False,False,False,False,False,False,False,False,True
328,2023-06-24,3.0,2.0,0.0,0.0,0.0,1.0,0.0,0.0,0.0,12.5,16.0,20.8,0.5,33.7,0.0,0.0,0.0,0.0,2.0,46.34596288905016,14.608749449811715,False,False,False,False,True,False,False,False,False,False,False,False,False,False,False,False,False,False,False,False,False,False,False,False,False,False,False,False,False,False,False,False,False,False,False,False,False,False,False,False,False,False,False,False,False,False,False,False,False,True,False,False,False,False,False,False,False,False,False,False,False
329,2023-06-24,3.0,2.0,0.0,0.0,0.0,1.0,0.0,0.0,0.0,12.5,16.0,20.8,0.5,33.7,0.0,0.0,0.0,0.0,2.0,46.34596288905016,14.608749449811715,False,False,False,False,True,False,False,False,False,False,False,False,False,False,False,False,False,False,False,False,False,False,False,False,False,False,False,False,False,False,False,False,False,False,False,False,False,False,False,False,False,False,False,False,False,False,False,False,False,True,False,False,False,False,False,False,False,False,False,False,False
330,2023-06-24,3.0,2.0,0.0,0.0,0.0,1.0,0.0,0.0,0.0,12.5,16.0,20.8,0.5,33.7,0.0,0.0,0.0,0.0,2.0,46.34596288905016,14.608749449811715,False,False,False,False,True,False,False,False,False,False,False,False,False,False,False,False,False,False,False,False,False,False,False,False,False,False,False,False,False,False,False,False,False,False,False,False,False,False,False,False,False,False,False,False,False,False,False,False,False,True,False,False,False,False,False,False,False,False,False,False,False
331,2023-06-24,3.0,0.0,0.0,0.0,0.0,1.0,0.0,0.0,0.0,15.8,21.3,23.5,2.3,8.1,0.0,0.0,0.0,0.0,2.0,45.4842844,14.8227803,False,False,False,False,True,False,False,False,False,False,False,False,False,False,False,False,False,False,False,False,False,False,False,False,False,False,False,False,False,False,False,False,False,True,False,False,False,False,False,False,False,False,False,False,False,False,False,False,False,False,False,False,False,False,False,False,True,False,False,False,False
332,2023-06-24,3.0,0.0,0.0,0.0,0.0,1.0,0.0,0.0,0.0,15.8,21.3,23.5,2.3,8.1,0.0,0.0,0.0,0.0,2.0,45.4842844,14.8227803,False,False,False,False,True,False,False,False,False,False,False,False,False,False,False,False,False,False,False,False,False,False,False,False,False,False,False,False,False,False,False,False,False,True,False,False,False,False,False,False,False,False,False,False,False,False,False,False,False,False,False,False,False,False,False,False,True,False,False,False,False
333,2023-06-24,3.0,0.0,0.0,0.0,0.0,1.0,0.0,0.0,0.0,15.8,21.3,23.5,2.3,8.1,0.0,0.0,0.0,0.0,2.0,45.4842844,14.8227803,False,False,False,False,True,False,False,False,False,False,False,False,False,False,False,False,False,False,False,False,False,False,False,False,False,False,False,False,False,False,False,False,False,True,False,False,False,False,False,False,False,False,False,False,False,False,False,False,False,False,False,False,False,False,False,False,True,False,False,False,False
334,2023-06-29,1.0,3.0,0.0,0.0,0.0,0.0,0.0,1.0,0.0,18.8,17.2,20.0,0.0,6.2,27.1,0.0,0.0,0.0,0.0,46.2062811,14.6036813,False,False,False,False,True,False,False,False,False,False,False,False,False,False,False,False,False,False,False,False,False,False,False,False,False,False,False,False,False,False,False,False,False,False,False,False,False,False,False,False,False,False,False,False,False,False,False,False,False,True,False,False,False,False,False,False,True,False,False,False,False
335,2023-09-16,2.0,0.0,0.0,1.0,0.0,0.0,0.0,0.0,0.0,11.1,10.2,11.3,0.9,0.2,20.3,0.0,0.0,0.0,0.0,46.2959357,14.6520101,False,False,False,False,True,False,False,False,False,False,False,False,False,False,False,False,False,False,False,False,False,False,False,False,False,False,False,True,False,False,False,False,False,False,False,False,False,False,False,False,False,False,False,False,False,False,False,False,False,False,False,False,False,False,False,False,False,False,False,False,True
336,2023-09-16,2.0,0.0,0.0,1.0,0.0,0.0,0.0,0.0,0.0,11.1,10.2,11.3,0.9,0.2,20.3,0.0,0.0,0.0,0.0,46.2959357,14.6520101,False,False,False,False,True,False,False,False,False,False,False,False,False,False,False,False,False,False,False,False,False,False,False,False,False,False,False,True,False,False,False,False,False,False,False,False,False,False,False,False,False,False,False,False,False,False,False,False,False,False,False,False,False,False,False,False,False,False,False,False,True
337,2023-09-16,2.0,1.0,0.0,1.0,0.0,0.0,0.0,0.0,0.0,11.1,10.2,11.3,0.9,0.2,20.3,0.0,0.0,0.0,0.0,46.2959357,14.6520101,False,False,False,False,True,False,False,False,False,False,False,False,False,False,False,False,False,False,False,False,False,False,False,False,False,False,False,True,False,False,False,False,False,False,False,False,False,False,False,False,False,False,False,False,False,False,False,False,False,False,False,False,False,False,False,False,False,False,False,False,True
338,2023-09-16,2.0,1.0,0.0,1.0,0.0,0.0,0.0,0.0,0.0,11.1,10.2,11.3,0.9,0.2,20.3,0.0,0.0,0.0,0.0,46.2959357,14.6520101,False,False,False,False,True,False,False,False,False,False,False,False,False,False,False,False,False,False,False,False,False,False,False,False,False,False,False,True,False,False,False,False,False,False,False,False,False,False,False,False,False,False,False,False,False,False,False,False,False,False,False,False,False,False,False,False,False,False,False,False,True
339,2024-02-04,2.0,0.0,0.0,0.0,0.0,0.0,1.0,0.0,0.0,2.8,3.1,-1.9,0.0,0.0,0.0,0.0,0.0,0.0,2.0,46.3554185,14.5722978,False,False,False,False,True,False,False,False,False,False,False,False,False,False,False,False,False,False,False,False,False,True,False,False,False,False,False,False,False,False,False,False,False,False,False,False,False,False,False,False,False,False,False,False,False,False,False,False,False,False,False,False,False,False,False,False,False,True,False,False,False
340,2024-02-04,2.0,0.0,0.0,0.0,0.0,0.0,1.0,0.0,0.0,2.8,3.1,-1.9,0.0,0.0,0.0,0.0,0.0,0.0,2.0,46.3554185,14.5722978,False,False,False,False,True,False,False,False,False,False,False,False,False,False,False,False,False,False,False,False,False,True,False,False,False,False,False,False,False,False,False,False,False,False,False,False,False,False,False,False,False,False,False,False,False,False,False,False,False,False,False,False,False,False,False,False,False,True,False,False,False
341,2024-04-13,1.0,2.0,0.0,0.0,0.0,0.0,1.0,0.0,0.0,13.3,10.6,8.1,0.0,0.0,0.0,0.0,0.0,0.0,1.0,46.2879294,14.5798137,False,False,False,False,True,False,False,False,False,False,False,False,False,False,False,False,False,False,False,False,False,False,False,False,False,False,False,False,False,False,False,False,False,False,False,False,False,False,False,False,False,False,False,False,False,False,False,False,False,True,False,False,False,False,False,False,False,False,False,False,True
342,2024-08-12,1.0,7.0,0.0,0.0,0.0,0.0,1.0,0.0,0.0,20.5,19.4,17.8,0.0,0.0,0.0,0.0,0.0,0.0,1.0,46.3208047,14.62591111713789,False,False,False,False,True,False,False,False,False,False,False,False,False,False,False,False,False,False,False,False,False,False,False,False,False,False,False,False,False,False,False,False,False,False,False,False,False,False,False,False,False,False,False,False,False,False,False,False,False,True,False,False,False,False,False,False,True,False,False,False,False
343,2024-08-12,1.0,7.0,0.0,0.0,0.0,0.0,1.0,0.0,0.0,20.5,19.4,17.8,0.0,0.0,0.0,0.0,0.0,0.0,5.0,46.3208047,14.62591111713789,False,False,False,False,True,False,False,False,False,False,False,False,False,False,False,False,False,False,False,False,False,False,False,False,False,False,False,False,False,False,False,False,False,False,False,False,False,False,False,False,False,False,False,False,False,False,False,False,False,True,False,False,False,False,False,False,True,False,False,False,False
344,2024-08-23,0.0,0.0,0.0,0.0,0.0,1.0,0.0,0.0,0.0,13.6,10.3,11.7,0.0,0.0,2.7,0.0,0.0,0.0,6.0,46.3589137,14.5679088,False,False,False,False,True,False,False,False,False,False,False,False,False,False,False,False,False,False,False,False,False,False,False,False,False,False,False,False,False,False,False,False,False,False,False,False,False,False,False,False,False,False,False,False,False,False,False,False,False,False,False,False,False,False,False,False,False,False,False,False,False
345,2024-10-24,1.0,4.0,0.0,0.0,0.0,1.0,0.0,0.0,0.0,10.5,11.9,12.6,11.0,3.6,0.0,0.0,0.0,0.0,0.0,46.2981853464465,14.578169932404647,False,False,False,False,True,False,False,False,False,False,False,False,False,False,False,False,False,False,False,False,False,False,False,False,False,False,False,False,False,False,False,False,False,False,False,False,False,False,False,False,False,False,False,False,False,False,False,False,False,True,False,False,False,False,False,False,False,False,False,False,True
346,2024-12-23,1.0,3.0,0.0,0.0,0.0,1.0,0.0,0.0,0.0,0.4,1.2,-0.1,0.0,0.0,0.0,3.29,8.54,0.0,4.0,46.16324286566999,13.879802369508102,False,False,False,False,True,False,False,False,False,False,False,False,False,False,False,False,False,False,False,False,False,False,False,False,False,False,False,False,False,False,False,False,False,False,False,False,False,False,False,False,False,False,False,False,False,False,False,False,False,False,False,False,False,True,False,False,False,False,False,False,True
347,2024-12-25,0.0,0.0,0.0,0.0,0.0,1.0,0.0,0.0,0.0,-1.4,-2.6,0.4,0.0,0.0,0.0,0.0,0.0,3.29,0.0,46.16324286566999,13.879802369508102,False,False,False,False,True,False,False,False,False,False,False,False,False,False,False,False,False,False,False,False,False,False,False,False,False,False,False,False,False,False,False,False,False,False,False,False,False,False,False,False,False,False,False,False,False,False,False,False,False,False,False,False,False,False,False,False,False,False,False,False,False
348,2024-12-26,1.0,7.0,0.0,0.0,0.0,1.0,0.0,0.0,0.0,0.0,-1.4,-2.6,0.0,0.0,0.0,0.0,0.0,0.0,16.0,46.16324286566999,13.879802369508102,False,False,False,False,True,False,False,False,False,False,False,False,False,False,False,False,False,False,False,False,False,False,False,False,False,False,False,False,False,False,False,False,False,False,False,False,False,False,False,False,False,False,False,False,False,False,False,False,False,True,False,False,False,False,False,False,False,False,False,False,True
349,2023-01-21,1.0,3.0,0.0,0.0,0.0,0.0,0.0,0.0,1.0,-11.3,-10.3,-7.3,0.0,0.0,0.0,0.35,1.4,7.98,5.0,46.4855653,14.9615819,False,False,False,False,False,True,False,False,False,False,False,False,False,False,False,False,False,False,False,False,False,False,False,False,False,False,False,False,False,False,False,False,False,False,False,False,False,False,False,False,False,False,False,False,False,False,False,False,False,False,True,False,False,False,False,False,False,True,False,False,False
350,2021-01-01,1.0,3.0,0.0,0.0,0.0,0.0,1.0,0.0,0.0,-0.8,-0.6,0.0,5.3,0.8,4.5,0.91,0.0,0.42,0.0,46.2427444,14.3030308,False,False,False,False,False,False,True,False,False,False,False,False,False,False,False,False,False,False,False,False,False,False,False,False,False,False,False,False,False,False,False,False,False,False,False,False,False,False,False,False,False,False,False,False,False,False,False,False,False,False,False,False,False,False,False,False,False,False,False,False,True
351,2021-03-21,1.0,1.0,0.0,0.0,0.0,1.0,0.0,0.0,0.0,-11.8,-11.8,-10.2,0.1,0.1,0.0,0.21,2.03,0.56,2.0,46.3502354,14.4047511,False,False,False,False,False,False,True,False,False,False,False,False,False,False,False,False,False,False,False,False,False,False,False,False,False,False,False,False,False,False,False,False,False,False,False,False,False,False,False,False,False,False,False,False,False,False,False,True,False,False,False,False,False,False,False,False,False,False,False,False,True
352,2021-03-27,1.0,3.0,0.0,0.0,1.0,0.0,0.0,0.0,0.0,7.5,6.4,4.8,1.6,0.0,0.0,0.0,0.0,0.0,0.0,46.34036,15.31418,False,False,False,False,False,False,True,False,False,False,False,False,False,False,False,False,False,False,False,False,False,False,False,False,False,False,False,False,False,False,False,False,True,False,False,False,False,False,False,False,False,False,False,False,False,False,False,False,False,False,False,False,False,False,True,False,False,False,False,False,False
353,2021-03-27,1.0,3.0,0.0,0.0,1.0,0.0,0.0,0.0,0.0,7.5,6.4,4.8,1.6,0.0,0.0,0.0,0.0,0.0,0.0,46.34036,15.31418,False,False,False,False,False,False,True,False,False,False,False,False,False,False,False,False,False,False,False,False,False,False,False,False,False,False,False,False,False,False,False,False,True,False,False,False,False,False,False,False,False,False,False,False,False,False,False,False,False,False,False,False,False,False,True,False,False,False,False,False,False
354,2021-03-27,1.0,0.0,0.0,0.0,0.0,1.0,0.0,0.0,0.0,10.7,10.3,7.3,0.3,0.0,0.0,0.0,0.0,0.0,0.0,46.53028,15.81306,False,False,False,False,False,False,True,False,False,False,False,False,False,False,False,False,False,False,False,False,False,False,False,False,False,False,False,False,False,False,False,False,False,False,False,False,False,False,False,False,False,False,False,False,False,False,False,False,False,False,False,False,False,True,False,False,False,True,False,False,False
355,2021-03-27,1.0,0.0,0.0,0.0,0.0,1.0,0.0,0.0,0.0,10.7,10.3,7.3,0.3,0.0,0.0,0.0,0.0,0.0,0.0,46.53028,15.81306,False,False,False,False,False,False,True,False,False,False,False,False,False,False,False,False,False,False,False,False,False,False,False,False,False,False,False,False,False,False,False,False,False,False,False,False,False,False,False,False,False,False,False,False,False,False,False,False,False,False,False,False,False,True,False,False,False,True,False,False,False
356,2021-04-17,1.0,7.0,0.0,0.0,0.0,0.0,0.0,1.0,0.0,6.5,4.9,4.4,0.0,0.0,0.0,0.0,0.0,0.0,5.0,46.057927,14.502479,False,False,False,False,False,False,True,False,False,False,False,False,False,False,False,False,False,False,False,False,False,False,False,False,False,False,False,False,False,False,False,False,False,False,False,False,False,False,False,False,False,False,False,False,False,False,False,False,False,True,False,False,False,False,False,False,False,False,False,False,False
357,2021-06-24,0.0,0.0,0.0,0.0,0.0,1.0,0.0,0.0,0.0,14.3,15.5,13.6,0.1,1.9,0.0,0.0,0.0,0.0,0.0,46.3502354,14.4047511,False,False,False,False,False,False,True,False,False,False,False,False,False,False,False,False,False,False,False,False,False,False,False,False,False,False,False,False,False,False,False,False,False,False,False,False,False,False,False,False,False,False,False,False,False,False,False,False,False,False,False,False,False,False,False,False,False,False,False,False,False
358,2021-08-08,1.0,2.0,0.0,0.0,0.0,0.0,1.0,0.0,0.0,17.7,17.9,15.9,16.1,0.4,0.2,0.0,0.0,0.0,0.0,46.327826,14.3929723,False,False,False,False,False,False,True,False,False,False,False,False,False,False,False,False,False,False,False,False,False,False,False,False,False,False,False,False,False,False,False,False,False,False,False,False,False,False,False,False,False,False,False,False,False,False,False,False,False,True,False,False,False,False,False,False,False,False,False,False,True
359,2021-08-20,1.0,5.0,0.0,0.0,0.0,0.0,1.0,0.0,0.0,19.4,18.4,17.9,0.0,0.0,0.0,0.0,0.0,0.0,7.0,46.167852,14.688833,False,False,False,False,False,False,True,False,False,False,False,False,False,False,False,False,False,False,False,False,False,False,False,False,False,False,False,False,False,False,False,False,False,False,False,False,False,False,False,False,False,False,False,False,False,False,False,False,False,True,False,False,False,False,False,False,False,False,False,False,True
360,2021-11-20,2.0,7.0,0.0,0.0,0.0,0.0,1.0,0.0,0.0,8.1,7.4,6.1,0.0,0.0,0.0,0.0,0.0,0.0,4.0,46.41323,14.08272,False,False,False,False,False,False,True,False,False,False,False,False,False,False,False,False,False,False,False,False,False,False,False,False,False,False,False,False,False,False,False,False,False,False,False,False,False,False,False,False,False,False,False,False,False,False,False,False,False,True,False,False,False,False,False,False,False,False,False,False,True
361,2021-11-20,2.0,7.0,0.0,0.0,0.0,0.0,1.0,0.0,0.0,8.1,7.4,6.1,0.0,0.0,0.0,0.0,0.0,0.0,4.0,46.41323,14.08272,False,False,False,False,False,False,True,False,False,False,False,False,False,False,False,False,False,False,False,False,False,False,False,False,False,False,False,False,False,False,False,False,False,False,False,False,False,False,False,False,False,False,False,False,False,False,False,False,False,True,False,False,False,False,False,False,False,False,False,False,True
362,2021-11-20,2.0,0.0,0.0,0.0,0.0,0.0,1.0,0.0,0.0,8.1,7.4,6.1,0.0,0.0,0.0,0.0,0.0,0.0,4.0,46.41323,14.08272,False,False,False,False,False,False,True,False,False,False,False,False,False,False,False,False,False,False,False,False,False,False,False,False,False,False,False,False,False,False,False,False,False,False,False,False,False,True,False,False,False,False,False,False,False,False,False,False,False,False,False,False,False,False,False,False,False,True,False,False,False
363,2021-11-20,2.0,0.0,0.0,0.0,0.0,0.0,1.0,0.0,0.0,8.1,7.4,6.1,0.0,0.0,0.0,0.0,0.0,0.0,4.0,46.41323,14.08272,False,False,False,False,False,False,True,False,False,False,False,False,False,False,False,False,False,False,False,False,False,False,False,False,False,False,False,False,False,False,False,False,False,False,False,False,False,True,False,False,False,False,False,False,False,False,False,False,False,False,False,False,False,False,False,False,False,True,False,False,False
364,2022-02-24,1.0,2.0,0.0,0.0,0.0,0.0,1.0,0.0,0.0,4.7,5.5,4.2,0.0,0.0,0.1,0.0,0.0,0.0,0.0,46.254374217589664,14.514046768931447,False,False,False,False,False,False,True,False,False,False,False,False,False,False,False,False,False,False,False,False,False,False,False,False,False,False,False,False,False,False,False,False,False,False,False,False,False,False,False,False,False,False,False,False,False,False,False,False,False,True,False,False,False,False,False,False,False,False,False,False,True
365,2022-02-24,1.0,2.0,0.0,0.0,0.0,0.0,1.0,0.0,0.0,4.7,5.5,4.2,0.0,0.0,0.1,0.0,0.0,0.0,0.0,46.254374217589664,14.514046768931447,False,False,False,False,False,False,True,False,False,False,False,False,False,False,False,False,False,False,False,False,False,False,False,False,False,False,False,False,False,False,False,False,False,False,False,False,False,False,False,False,False,False,False,False,False,False,False,False,False,True,False,False,False,False,False,False,False,False,False,False,True
366,2022-02-24,1.0,2.0,0.0,0.0,0.0,0.0,1.0,0.0,0.0,4.7,5.5,4.2,0.0,0.0,0.1,0.0,0.0,0.0,1.0,46.254374217589664,14.514046768931447,False,False,False,False,False,False,True,False,False,False,False,False,False,False,False,False,False,False,False,False,False,False,False,False,False,False,False,False,False,False,False,False,False,False,False,False,False,False,False,False,False,False,False,False,False,False,False,False,False,True,False,False,False,False,False,False,False,False,False,False,True
367,2022-02-24,1.0,2.0,0.0,0.0,0.0,0.0,1.0,0.0,0.0,4.7,5.5,4.2,0.0,0.0,0.1,0.0,0.0,0.0,2.0,46.254374217589664,14.514046768931447,False,False,False,False,False,False,True,False,False,False,False,False,False,False,False,False,False,False,False,False,False,False,False,False,False,False,False,False,False,False,False,False,False,False,False,False,False,False,False,False,False,False,False,False,False,False,False,False,False,True,False,False,False,False,False,False,False,False,False,False,True
368,2022-02-24,1.0,3.0,0.0,0.0,0.0,0.0,1.0,0.0,0.0,4.7,5.5,4.2,0.0,0.0,0.1,0.0,0.0,0.0,0.0,46.254374217589664,14.514046768931447,False,False,False,False,False,False,True,False,False,False,False,False,False,False,False,False,False,False,False,False,False,False,False,False,False,False,False,False,False,False,False,False,False,False,False,False,False,False,False,False,False,False,False,False,False,False,False,False,False,True,False,False,False,False,True,False,False,False,False,False,False
369,2022-02-24,1.0,3.0,0.0,0.0,0.0,0.0,1.0,0.0,0.0,4.7,5.5,4.2,0.0,0.0,0.1,0.0,0.0,0.0,0.0,46.254374217589664,14.514046768931447,False,False,False,False,False,False,True,False,False,False,False,False,False,False,False,False,False,False,False,False,False,False,False,False,False,False,False,False,False,False,False,False,False,False,False,False,False,False,False,False,False,False,False,False,False,False,False,False,False,True,False,False,False,False,True,False,False,False,False,False,False
370,2022-02-24,1.0,3.0,0.0,0.0,0.0,0.0,1.0,0.0,0.0,4.7,5.5,4.2,0.0,0.0,0.1,0.0,0.0,0.0,1.0,46.254374217589664,14.514046768931447,False,False,False,False,False,False,True,False,False,False,False,False,False,False,False,False,False,False,False,False,False,False,False,False,False,False,False,False,False,False,False,False,False,False,False,False,False,False,False,False,False,False,False,False,False,False,False,False,False,True,False,False,False,False,True,False,False,False,False,False,False
371,2022-02-24,1.0,3.0,0.0,0.0,0.0,0.0,1.0,0.0,0.0,4.7,5.5,4.2,0.0,0.0,0.1,0.0,0.0,0.0,2.0,46.254374217589664,14.514046768931447,False,False,False,False,False,False,True,False,False,False,False,False,False,False,False,False,False,False,False,False,False,False,False,False,False,False,False,False,False,False,False,False,False,False,False,False,False,False,False,False,False,False,False,False,False,False,False,False,False,True,False,False,False,False,True,False,False,False,False,False,False
372,2022-02-25,1.0,3.0,1.0,0.0,0.0,0.0,0.0,0.0,0.0,3.6,4.7,5.5,6.2,0.0,0.0,1.05,0.0,0.0,1.0,46.249192,14.508664,False,False,False,False,False,False,True,False,False,False,False,False,False,False,False,False,False,False,False,False,False,False,False,False,False,False,False,False,False,False,False,False,False,False,False,False,False,False,False,False,False,False,False,False,False,False,False,False,False,True,False,False,False,False,False,False,False,False,False,False,False
373,2022-02-25,1.0,3.0,1.0,0.0,0.0,0.0,0.0,0.0,0.0,3.6,4.7,5.5,6.2,0.0,0.0,1.05,0.0,0.0,0.0,46.249192,14.508664,False,False,False,False,False,False,True,False,False,False,False,False,False,False,False,False,False,False,False,False,False,False,False,False,False,False,False,False,False,False,False,False,False,False,False,False,False,False,False,False,False,False,False,False,False,False,False,False,False,True,False,False,False,False,False,False,False,False,False,False,False
374,2022-05-16,1.0,0.0,0.0,0.0,0.0,1.0,0.0,0.0,0.0,18.5,18.7,18.6,5.3,0.1,0.1,0.0,0.0,0.0,2.0,45.855546,14.8279973,False,False,False,False,False,False,True,False,False,False,False,False,False,False,False,False,False,False,False,False,False,False,False,False,False,False,False,False,False,False,False,False,False,False,False,False,False,False,False,False,False,False,False,False,False,False,False,False,False,False,False,False,False,True,False,False,False,False,False,False,True
375,2022-05-26,1.0,3.0,0.0,0.0,1.0,0.0,0.0,0.0,0.0,17.3,18.2,19.1,2.1,1.9,0.1,0.0,0.0,0.0,2.0,45.8140725,14.6274729,False,False,False,False,False,False,True,False,False,False,False,False,False,False,False,False,False,False,False,False,False,False,False,False,False,False,False,False,False,False,False,False,True,False,False,False,False,False,False,False,False,False,False,False,False,False,False,False,False,False,False,False,False,False,False,False,False,False,False,False,False
376,2022-06-13,1.0,2.0,0.0,1.0,0.0,0.0,0.0,0.0,0.0,12.5,12.1,10.8,14.2,0.4,0.0,0.0,0.0,0.0,0.0,46.265696,13.7804344,False,False,False,False,False,False,True,False,False,False,False,False,False,False,False,False,False,False,False,False,False,False,False,False,False,False,False,False,False,False,False,False,False,False,False,False,False,False,False,False,False,False,False,False,False,False,False,False,False,True,False,False,False,False,False,False,False,False,False,False,True
377,2022-06-19,1.0,2.0,0.0,1.0,0.0,0.0,0.0,0.0,0.0,22.1,21.2,20.4,0.0,0.0,0.7,0.0,0.0,0.0,0.0,46.61,15.63444,False,False,False,False,False,False,True,False,False,False,False,False,False,False,False,False,False,False,False,False,False,False,False,False,False,False,False,False,False,False,False,False,False,False,False,False,False,False,False,False,False,False,False,False,False,False,False,False,False,True,False,False,False,False,False,False,False,False,False,False,False
378,2022-07-20,1.0,1.0,0.0,0.0,0.0,1.0,0.0,0.0,0.0,16.1,14.3,12.5,0.0,0.0,0.9,0.0,0.0,0.0,1.0,46.3408475,14.5475187,False,False,False,False,False,False,True,False,False,False,False,False,False,False,False,False,False,False,False,False,False,False,False,False,False,False,False,False,False,False,False,False,False,False,False,False,False,False,False,False,False,False,False,False,False,False,False,False,False,False,False,False,False,True,False,False,True,False,False,False,False
379,2022-07-20,1.0,1.0,0.0,0.0,0.0,1.0,0.0,0.0,0.0,16.1,14.3,12.5,0.0,0.0,0.9,0.0,0.0,0.0,0.0,46.3408475,14.5475187,False,False,False,False,False,False,True,False,False,False,False,False,False,False,False,False,False,False,False,False,False,False,False,False,False,False,False,False,False,False,False,False,False,False,False,False,False,False,False,False,False,False,False,False,False,False,False,False,False,False,False,False,False,True,False,False,True,False,False,False,False
380,2022-11-26,1.0,3.0,0.0,0.0,0.0,0.0,1.0,0.0,0.0,3.0,3.9,4.4,0.0,0.0,0.0,0.0,0.0,0.0,1.0,46.176208,14.604316,False,False,False,False,False,False,True,False,False,False,False,False,False,False,False,False,False,False,False,False,False,False,False,False,False,False,False,False,False,False,False,False,False,False,False,False,False,False,False,False,False,False,False,False,False,False,False,False,False,False,False,False,False,False,False,False,False,False,False,False,True
381,2023-04-07,1.0,0.0,0.0,0.0,0.0,0.0,0.0,1.0,0.0,-2.7,-5.8,-8.2,0.0,0.0,0.0,0.0,0.0,0.0,4.0,46.3502354,14.4047511,False,False,False,False,False,False,True,False,False,False,False,False,False,False,False,False,False,False,False,False,False,False,False,False,False,False,False,False,False,False,False,False,False,False,False,False,False,False,False,False,False,False,False,False,False,False,False,False,False,False,False,False,False,True,False,False,False,False,False,False,False
382,2023-10-16,1.0,2.0,0.0,0.0,0.0,0.0,1.0,0.0,0.0,4.2,8.1,15.2,0.0,39.2,0.0,0.0,0.0,0.0,0.0,46.2427444,14.3030308,False,False,False,False,False,False,True,False,False,False,False,False,False,False,False,False,False,False,False,False,False,False,False,False,False,False,False,False,False,False,False,False,False,False,False,False,False,False,False,False,False,False,False,False,False,False,False,False,False,True,False,False,False,False,False,False,False,False,False,False,True
383,2024-01-23,1.0,7.0,0.0,0.0,0.0,0.0,1.0,0.0,0.0,2.3,-0.2,-4.1,0.1,0.0,0.0,0.49,0.0,0.0,0.0,45.8140725,14.6274729,False,False,False,False,False,False,True,False,False,False,False,False,False,False,False,False,False,False,False,False,False,False,False,False,False,False,False,False,False,False,False,False,False,False,False,False,False,False,False,False,False,False,False,False,False,False,False,False,False,False,False,False,False,False,False,False,False,False,False,False,True
384,2024-02-23,2.0,0.0,0.0,0.0,0.0,0.0,1.0,0.0,0.0,-4.0,-5.1,-4.5,32.6,4.3,0.0,9.8,2.17,0.0,0.0,46.3502354,14.4047511,False,False,False,False,False,False,True,False,False,False,False,False,False,False,False,False,False,False,False,False,False,False,False,False,False,False,False,False,False,False,False,False,False,False,False,False,False,False,False,False,False,False,False,False,False,False,False,True,False,False,False,False,False,False,False,False,False,False,False,False,True
385,2024-02-23,2.0,0.0,0.0,0.0,0.0,0.0,1.0,0.0,0.0,-4.0,-5.1,-4.5,32.6,4.3,0.0,9.8,2.17,0.0,0.0,46.3502354,14.4047511,False,False,False,False,False,False,True,False,False,False,False,False,False,False,False,False,False,False,False,False,False,False,False,False,False,False,False,False,False,False,False,False,False,False,False,False,False,False,False,False,False,False,False,False,False,False,False,True,False,False,False,False,False,False,False,False,False,False,False,False,True
386,2024-02-23,2.0,3.0,0.0,0.0,0.0,0.0,1.0,0.0,0.0,-4.0,-5.1,-4.5,32.6,4.3,0.0,9.8,2.17,0.0,0.0,46.3502354,14.4047511,False,False,False,False,False,False,True,False,False,False,False,False,False,False,False,False,False,False,False,False,False,False,False,False,False,False,False,False,False,False,False,False,False,False,False,False,False,False,False,False,False,False,False,False,False,False,False,True,False,False,False,False,False,False,False,False,False,False,False,False,True
387,2024-02-23,2.0,3.0,0.0,0.0,0.0,0.0,1.0,0.0,0.0,-4.0,-5.1,-4.5,32.6,4.3,0.0,9.8,2.17,0.0,0.0,46.3502354,14.4047511,False,False,False,False,False,False,True,False,False,False,False,False,False,False,False,False,False,False,False,False,False,False,False,False,False,False,False,False,False,False,False,False,False,False,False,False,False,False,False,False,False,False,False,False,False,False,False,True,False,False,False,False,False,False,False,False,False,False,False,False,True
388,2024-03-23,1.0,0.0,0.0,0.0,0.0,1.0,0.0,0.0,0.0,7.5,8.3,8.1,10.0,0.0,1.7,5.32,0.0,0.0,0.0,46.2427444,14.3030308,False,False,False,False,False,False,True,False,False,False,False,False,False,False,False,False,False,False,False,False,False,False,False,False,False,False,False,False,False,False,False,False,False,False,False,False,False,False,False,False,False,False,False,False,False,False,False,False,False,False,False,False,False,False,True,False,False,False,False,False,False
389,2024-04-14,3.0,0.0,0.0,0.0,0.0,0.0,1.0,0.0,0.0,18.6,18.0,16.8,0.0,0.0,0.0,0.0,0.0,0.0,4.0,45.708746,13.876402,False,False,False,False,False,False,True,False,False,False,False,False,False,False,False,False,False,False,False,False,False,False,False,False,False,False,False,False,False,False,False,False,False,False,False,False,False,False,False,False,False,False,False,False,False,False,False,False,False,False,False,False,False,True,False,False,False,True,False,False,False
390,2024-04-14,3.0,0.0,0.0,0.0,0.0,0.0,1.0,0.0,0.0,18.6,18.0,16.8,0.0,0.0,0.0,0.0,0.0,0.0,4.0,45.708746,13.876402,False,False,False,False,False,False,True,False,False,False,False,False,False,False,False,False,False,False,False,False,False,False,False,False,False,False,False,False,False,False,False,False,False,False,False,False,False,False,False,False,False,False,False,False,False,False,False,False,False,False,False,False,False,True,False,False,False,True,False,False,False
391,2024-04-14,3.0,0.0,0.0,0.0,0.0,0.0,1.0,0.0,0.0,18.6,18.0,16.8,0.0,0.0,0.0,0.0,0.0,0.0,4.0,45.708746,13.876402,False,False,False,False,False,False,True,False,False,False,False,False,False,False,False,False,False,False,False,False,False,False,False,False,False,False,False,False,False,False,False,False,False,False,False,False,False,False,False,False,False,False,False,False,False,False,False,False,False,False,False,False,False,True,False,False,False,True,False,False,False
392,2024-04-21,1.0,1.0,0.0,0.0,0.0,0.0,1.0,0.0,0.0,-3.6,-3.7,-3.5,0.0,0.0,0.0,0.35,1.33,0.0,0.0,46.4261251,13.8436857,False,False,False,False,False,False,True,False,False,False,False,False,False,False,False,False,False,False,False,False,False,False,False,False,False,False,False,False,False,False,False,False,False,False,False,False,False,False,False,False,False,False,False,False,False,False,False,False,False,True,False,False,False,False,False,False,False,False,False,False,True
393,2024-06-19,1.0,0.0,0.0,1.0,0.0,0.0,0.0,0.0,0.0,17.5,16.6,15.0,0.0,0.0,0.3,0.0,0.0,0.0,0.0,46.338086,13.986103,False,False,False,False,False,False,True,False,False,False,False,False,False,False,False,False,False,False,False,False,False,False,False,False,False,False,False,False,False,False,False,False,False,False,False,False,False,False,False,False,False,False,False,False,False,False,False,False,False,False,False,False,False,False,True,False,False,False,False,False,False
394,2024-08-15,1.0,3.0,0.0,0.0,0.0,1.0,0.0,0.0,0.0,20.0,20.3,20.8,0.0,0.3,0.0,0.0,0.0,0.0,3.0,46.284814,13.7760697,False,False,False,False,False,False,True,False,False,False,False,False,False,False,False,False,False,False,False,False,False,False,False,False,False,False,False,False,False,False,False,False,False,False,False,False,False,False,False,False,False,False,False,False,False,False,False,False,True,False,False,False,False,False,False,False,False,False,False,False,True
395,2024-10-15,1.0,1.0,0.0,0.0,0.0,0.0,1.0,0.0,0.0,13.4,12.2,13.3,0.0,0.0,0.3,0.0,0.0,0.0,0.0,46.2360931,15.1087364,False,False,False,False,False,False,True,False,False,False,False,False,False,False,False,False,False,False,False,False,False,False,False,False,False,False,False,False,False,False,False,False,False,False,False,False,False,False,False,False,False,False,False,False,False,False,False,False,False,True,False,False,False,False,False,False,False,False,False,False,True
396,2024-12-26,1.0,1.0,1.0,0.0,0.0,0.0,0.0,0.0,0.0,-10.5,-9.2,-9.0,0.0,0.0,0.0,0.0,0.0,0.0,0.0,46.2996823,14.5367454,False,False,False,False,False,False,True,False,False,False,False,False,False,False,False,False,False,False,False,False,False,False,False,False,False,False,False,False,False,False,False,False,False,False,False,False,False,False,False,False,False,False,False,False,False,False,False,True,False,False,False,False,False,False,False,False,False,False,False,False,False
397,2022-07-29,3.0,0.0,0.0,0.0,0.0,0.0,1.0,0.0,0.0,19.5,18.5,16.9,6.5,0.5,5.6,0.0,0.0,0.0,0.0,46.488144807974464,13.845828123116702,False,False,False,False,False,False,False,True,False,False,False,False,False,False,False,False,False,False,False,False,False,False,False,False,False,False,False,False,False,False,False,False,False,False,False,True,False,False,False,False,False,False,False,False,False,False,False,False,False,False,False,False,False,False,False,False,False,False,False,False,True
398,2022-07-29,3.0,0.0,0.0,0.0,0.0,0.0,1.0,0.0,0.0,19.5,18.5,16.9,6.5,0.5,5.6,0.0,0.0,0.0,0.0,46.488144807974464,13.845828123116702,False,False,False,False,False,False,False,True,False,False,False,False,False,False,False,False,False,False,False,False,False,False,False,False,False,False,False,False,False,False,False,False,False,False,False,True,False,False,False,False,False,False,False,False,False,False,False,False,False,False,False,False,False,False,False,False,False,False,False,False,True
399,2022-07-29,3.0,0.0,0.0,0.0,0.0,0.0,1.0,0.0,0.0,19.5,18.5,16.9,6.5,0.5,5.6,0.0,0.0,0.0,0.0,46.488144807974464,13.845828123116702,False,False,False,False,False,False,False,True,False,False,False,False,False,False,False,False,False,False,False,False,False,False,False,False,False,False,False,False,False,False,False,False,False,False,False,True,False,False,False,False,False,False,False,False,False,False,False,False,False,False,False,False,False,False,False,False,False,False,False,False,True
400,2022-08-21,6.0,0.0,0.0,0.0,0.0,1.0,0.0,0.0,0.0,15.8,15.3,16.3,0.4,3.2,16.2,0.0,0.0,0.0,0.0,46.46774178201399,13.762786146872363,False,False,False,False,False,False,False,True,False,False,False,False,False,False,False,False,False,False,False,False,False,False,False,False,False,False,False,False,False,False,False,False,False,False,False,False,False,False,False,False,False,False,False,False,False,False,False,False,False,False,False,False,False,True,False,False,False,False,False,False,True
401,2022-08-21,6.0,0.0,0.0,0.0,0.0,1.0,0.0,0.0,0.0,15.8,15.3,16.3,0.4,3.2,16.2,0.0,0.0,0.0,0.0,46.46774178201399,13.762786146872363,False,False,False,False,False,False,False,True,False,False,False,False,False,False,False,False,False,False,False,False,False,False,False,False,False,False,False,False,False,False,False,False,False,False,False,False,False,False,False,False,False,False,False,False,False,False,False,False,False,False,False,False,False,True,False,False,False,False,False,False,True
402,2022-08-21,6.0,0.0,0.0,0.0,0.0,1.0,0.0,0.0,0.0,15.8,15.3,16.3,0.4,3.2,16.2,0.0,0.0,0.0,0.0,46.46774178201399,13.762786146872363,False,False,False,False,False,False,False,True,False,False,False,False,False,False,False,False,False,False,False,False,False,False,False,False,False,False,False,False,False,False,False,False,False,False,False,False,False,False,False,False,False,False,False,False,False,False,False,False,False,False,False,False,False,True,False,False,False,False,False,False,True
403,2022-08-21,6.0,0.0,0.0,0.0,0.0,1.0,0.0,0.0,0.0,15.8,15.3,16.3,0.4,3.2,16.2,0.0,0.0,0.0,0.0,46.46774178201399,13.762786146872363,False,False,False,False,False,False,False,True,False,False,False,False,False,False,False,False,False,False,False,False,False,False,False,False,False,False,False,False,False,False,False,False,False,False,False,False,False,False,False,False,False,False,False,False,False,False,False,False,False,False,False,False,False,True,False,False,False,False,False,False,True
404,2022-08-21,6.0,0.0,0.0,0.0,0.0,1.0,0.0,0.0,0.0,15.8,15.3,16.3,0.4,3.2,16.2,0.0,0.0,0.0,0.0,46.46774178201399,13.762786146872363,False,False,False,False,False,False,False,True,False,False,False,False,False,False,False,False,False,False,False,False,False,False,False,False,False,False,False,False,False,False,False,False,False,False,False,False,False,False,False,False,False,False,False,False,False,False,False,False,False,False,False,False,False,True,False,False,False,False,False,False,True
405,2022-08-21,6.0,0.0,0.0,0.0,0.0,1.0,0.0,0.0,0.0,15.8,15.3,16.3,0.4,3.2,16.2,0.0,0.0,0.0,0.0,46.46774178201399,13.762786146872363,False,False,False,False,False,False,False,True,False,False,False,False,False,False,False,False,False,False,False,False,False,False,False,False,False,False,False,False,False,False,False,False,False,False,False,False,False,False,False,False,False,False,False,False,False,False,False,False,False,False,False,False,False,True,False,False,False,False,False,False,True
406,2022-10-15,2.0,0.0,0.0,0.0,0.0,0.0,1.0,0.0,0.0,0.3,0.0,0.6,0.3,0.5,0.4,0.0,0.0,0.0,0.0,46.4247004,13.7697143,False,False,False,False,False,False,False,True,False,False,False,False,False,False,False,False,False,False,False,False,False,False,False,False,False,False,False,False,False,False,False,False,False,False,False,False,False,False,False,False,False,False,False,False,False,False,False,False,False,False,False,False,True,False,False,False,False,False,False,False,True
407,2022-10-15,2.0,0.0,0.0,0.0,0.0,0.0,1.0,0.0,0.0,0.3,0.0,0.6,0.3,0.5,0.4,0.0,0.0,0.0,0.0,46.4247004,13.7697143,False,False,False,False,False,False,False,True,False,False,False,False,False,False,False,False,False,False,False,False,False,False,False,False,False,False,False,False,False,False,False,False,False,False,False,False,False,False,False,False,False,False,False,False,False,False,False,False,False,False,False,False,True,False,False,False,False,False,False,False,True
408,2022-10-18,2.0,0.0,0.0,0.0,0.0,0.0,0.0,1.0,0.0,4.1,2.9,1.6,0.0,0.0,0.0,0.0,0.0,0.0,4.0,46.4394708,13.6546659,False,False,False,False,False,False,False,True,False,False,False,False,False,False,False,True,False,False,False,False,False,False,False,False,False,False,False,False,False,False,False,False,False,False,False,False,False,False,False,False,False,False,False,False,False,False,False,False,False,False,False,False,False,False,False,True,False,False,False,False,False
409,2022-10-18,2.0,0.0,0.0,0.0,0.0,0.0,0.0,1.0,0.0,4.1,2.9,1.6,0.0,0.0,0.0,0.0,0.0,0.0,4.0,46.4394708,13.6546659,False,False,False,False,False,False,False,True,False,False,False,False,False,False,False,True,False,False,False,False,False,False,False,False,False,False,False,False,False,False,False,False,False,False,False,False,False,False,False,False,False,False,False,False,False,False,False,False,False,False,False,False,False,False,False,True,False,False,False,False,False
410,2022-10-18,2.0,0.0,0.0,0.0,0.0,0.0,0.0,1.0,0.0,4.1,2.9,1.6,0.0,0.0,0.0,0.0,0.0,0.0,4.0,46.4394708,13.6546659,False,False,False,False,False,False,False,True,False,False,False,False,False,False,False,True,False,False,False,False,False,False,False,False,False,False,False,False,False,False,False,False,False,False,False,False,False,False,False,False,False,False,False,False,False,False,False,False,False,False,False,False,False,False,False,False,False,True,False,False,False
411,2022-10-18,2.0,0.0,0.0,0.0,0.0,0.0,0.0,1.0,0.0,4.1,2.9,1.6,0.0,0.0,0.0,0.0,0.0,0.0,4.0,46.4394708,13.6546659,False,False,False,False,False,False,False,True,False,False,False,False,False,False,False,True,False,False,False,False,False,False,False,False,False,False,False,False,False,False,False,False,False,False,False,False,False,False,False,False,False,False,False,False,False,False,False,False,False,False,False,False,False,False,False,False,False,True,False,False,False
412,2023-05-21,2.0,0.0,0.0,0.0,0.0,0.0,1.0,0.0,0.0,3.4,1.8,-1.1,0.5,0.6,1.0,0.0,0.0,0.0,2.0,46.4247004,13.7697143,False,False,False,False,False,False,False,True,False,False,False,False,False,False,False,False,False,False,False,False,False,False,False,False,False,False,False,False,False,False,False,False,False,False,False,False,False,False,False,True,False,False,False,False,False,False,False,False,False,False,False,False,False,False,False,False,False,False,False,False,True
413,2023-05-21,2.0,0.0,0.0,0.0,0.0,0.0,1.0,0.0,0.0,3.4,1.8,-1.1,0.5,0.6,1.0,0.0,0.0,0.0,2.0,46.4247004,13.7697143,False,False,False,False,False,False,False,True,False,False,False,False,False,False,False,False,False,False,False,False,False,False,False,False,False,False,False,False,False,False,False,False,False,False,False,False,False,False,False,True,False,False,False,False,False,False,False,False,False,False,False,False,False,False,False,False,False,False,False,False,True
414,2023-05-22,2.0,5.0,0.0,0.0,0.0,0.0,1.0,0.0,0.0,19.3,18.0,17.1,0.1,2.3,3.8,0.0,0.0,0.0,4.0,46.603485,16.174924,False,False,False,False,False,False,False,True,False,False,False,False,False,False,False,False,False,False,False,False,False,False,False,False,False,False,False,False,False,False,False,False,False,False,False,False,False,False,False,False,False,False,False,False,False,False,False,False,False,True,False,False,False,False,False,False,False,False,False,False,True
415,2023-05-22,2.0,5.0,0.0,0.0,0.0,0.0,1.0,0.0,0.0,19.3,18.0,17.1,0.1,2.3,3.8,0.0,0.0,0.0,4.0,46.603485,16.174924,False,False,False,False,False,False,False,True,False,False,False,False,False,False,False,False,False,False,False,False,False,False,False,False,False,False,False,False,False,False,False,False,False,False,False,False,False,False,False,False,False,False,False,False,False,False,False,False,False,True,False,False,False,False,False,False,False,False,False,False,True
416,2023-05-22,2.0,0.0,0.0,0.0,0.0,0.0,1.0,0.0,0.0,6.3,5.1,3.2,0.2,1.2,1.5,0.0,0.0,0.0,4.0,46.4374004,13.7311241,False,False,False,False,False,False,False,True,False,False,False,False,False,False,False,False,False,False,False,False,True,False,False,False,False,False,False,False,False,False,False,False,False,False,False,False,False,False,False,False,False,False,False,False,False,False,False,False,False,False,False,False,False,False,False,False,False,False,False,False,True
417,2023-05-22,2.0,0.0,0.0,0.0,0.0,0.0,1.0,0.0,0.0,6.3,5.1,3.2,0.2,1.2,1.5,0.0,0.0,0.0,4.0,46.4374004,13.7311241,False,False,False,False,False,False,False,True,False,False,False,False,False,False,False,False,False,False,False,False,True,False,False,False,False,False,False,False,False,False,False,False,False,False,False,False,False,False,False,False,False,False,False,False,False,False,False,False,False,False,False,False,False,False,False,False,False,False,False,False,True
418,2023-07-15,2.0,2.0,0.0,0.0,0.0,0.0,1.0,0.0,0.0,17.8,15.1,14.1,0.0,0.0,34.9,0.0,0.0,0.0,4.0,46.457057750000004,13.8183385,False,False,False,False,False,False,False,True,False,False,False,False,False,False,False,False,False,False,False,False,False,False,False,False,False,False,False,False,False,False,False,False,False,False,False,False,False,False,False,False,False,False,False,False,False,False,False,False,False,True,False,False,False,False,False,False,False,False,False,False,True
419,2023-07-15,2.0,2.0,0.0,0.0,0.0,0.0,1.0,0.0,0.0,17.8,15.1,14.1,0.0,0.0,34.9,0.0,0.0,0.0,4.0,46.457057750000004,13.8183385,False,False,False,False,False,False,False,True,False,False,False,False,False,False,False,False,False,False,False,False,False,False,False,False,False,False,False,False,False,False,False,False,False,False,False,False,False,False,False,False,False,False,False,False,False,False,False,False,False,True,False,False,False,False,False,False,False,False,False,False,True
420,2024-04-29,2.0,7.0,0.0,0.0,0.0,0.0,0.0,0.0,1.0,4.7,1.2,-1.2,0.0,0.0,0.4,0.0,0.0,0.0,8.0,46.4481722467624,13.819830613535723,False,False,False,False,False,False,False,True,False,False,False,False,False,False,False,False,False,False,False,False,False,False,False,False,False,False,False,False,False,False,False,False,False,False,False,False,False,False,False,False,False,False,False,False,False,False,False,False,False,False,True,False,False,False,False,False,False,True,False,False,False
421,2024-04-29,2.0,7.0,0.0,0.0,0.0,0.0,0.0,0.0,1.0,4.7,1.2,-1.2,0.0,0.0,0.4,0.0,0.0,0.0,8.0,46.4481722467624,13.819830613535723,False,False,False,False,False,False,False,True,False,False,False,False,False,False,False,False,False,False,False,False,False,False,False,False,False,False,False,False,False,False,False,False,False,False,False,False,False,False,False,False,False,False,False,False,False,False,False,False,False,False,True,False,False,False,False,False,False,True,False,False,False
422,2024-04-29,2.0,0.0,0.0,0.0,0.0,0.0,0.0,0.0,1.0,4.7,1.2,-1.2,0.0,0.0,0.4,0.0,0.0,0.0,8.0,46.4481722467624,13.819830613535723,False,False,False,False,False,False,False,True,False,False,False,False,False,False,False,False,False,False,False,False,False,False,False,False,False,False,False,False,False,False,False,False,False,False,False,False,False,False,False,False,False,False,False,False,False,False,False,False,False,False,True,False,False,False,False,False,False,False,False,False,True
423,2024-04-29,2.0,0.0,0.0,0.0,0.0,0.0,0.0,0.0,1.0,4.7,1.2,-1.2,0.0,0.0,0.4,0.0,0.0,0.0,8.0,46.4481722467624,13.819830613535723,False,False,False,False,False,False,False,True,False,False,False,False,False,False,False,False,False,False,False,False,False,False,False,False,False,False,False,False,False,False,False,False,False,False,False,False,False,False,False,False,False,False,False,False,False,False,False,False,False,False,True,False,False,False,False,False,False,False,False,False,True
424,2024-05-29,2.0,0.0,0.0,0.0,0.0,0.0,1.0,0.0,0.0,4.3,3.5,5.0,0.7,20.4,2.0,0.0,0.0,0.0,3.0,46.4374004,13.7311241,False,False,False,False,False,False,False,True,False,False,False,False,False,False,False,False,False,False,False,False,False,False,False,False,False,False,False,False,False,False,False,False,False,False,False,False,False,False,False,False,False,False,False,False,False,False,False,False,False,False,False,False,False,True,False,False,False,False,False,False,True
425,2024-05-29,2.0,0.0,0.0,0.0,0.0,0.0,1.0,0.0,0.0,4.3,3.5,5.0,0.7,20.4,2.0,0.0,0.0,0.0,3.0,46.4374004,13.7311241,False,False,False,False,False,False,False,True,False,False,False,False,False,False,False,False,False,False,False,False,False,False,False,False,False,False,False,False,False,False,False,False,False,False,False,False,False,False,False,False,False,False,False,False,False,False,False,False,False,False,False,False,False,True,False,False,False,False,False,False,True
426,2024-06-16,2.0,0.0,0.0,0.0,0.0,0.0,1.0,0.0,0.0,6.4,5.3,3.1,1.7,0.4,0.1,0.0,0.0,0.0,0.0,46.4084304,13.7890984,False,False,False,False,False,False,False,True,False,False,False,False,False,False,False,False,False,False,False,False,False,False,False,False,False,False,False,False,False,False,False,False,False,False,False,False,False,False,False,False,False,False,False,False,False,False,False,False,False,False,False,False,False,True,False,False,False,False,False,False,True
427,2024-06-16,2.0,0.0,0.0,0.0,0.0,0.0,1.0,0.0,0.0,6.4,5.3,3.1,1.7,0.4,0.1,0.0,0.0,0.0,0.0,46.4084304,13.7890984,False,False,False,False,False,False,False,True,False,False,False,False,False,False,False,False,False,False,False,False,False,False,False,False,False,False,False,False,False,False,False,False,False,False,False,False,False,False,False,False,False,False,False,False,False,False,False,False,False,False,False,False,False,True,False,False,False,False,False,False,True
428,2024-07-19,1.0,2.0,0.0,0.0,0.0,0.0,1.0,0.0,0.0,15.6,15.1,15.2,4.1,2.2,1.9,0.0,0.0,0.0,2.0,46.4460072,13.7264851,False,False,False,False,False,False,False,True,False,False,False,False,False,False,False,False,False,False,False,False,False,False,False,False,False,False,False,False,False,False,False,False,False,False,False,False,False,False,False,False,False,False,False,False,False,False,False,False,False,True,False,False,False,False,False,False,False,False,False,False,True
429,2024-08-29,3.0,0.0,0.0,0.0,0.0,0.0,1.0,0.0,0.0,23.6,22.5,21.5,3.7,0.0,1.8,0.0,0.0,0.0,0.0,46.22867,14.64931,False,False,False,False,False,False,False,True,False,False,False,False,False,False,False,False,False,False,False,False,False,False,False,False,False,False,False,False,False,False,False,False,False,False,False,False,True,False,False,False,False,False,False,False,False,False,False,False,False,False,False,False,False,False,False,False,False,False,False,False,True
430,2024-08-29,3.0,0.0,0.0,0.0,0.0,0.0,1.0,0.0,0.0,23.6,22.5,21.5,3.7,0.0,1.8,0.0,0.0,0.0,0.0,46.22867,14.64931,False,False,False,False,False,False,False,True,False,False,False,False,False,False,False,False,False,False,False,False,False,False,False,False,False,False,False,False,False,False,False,False,False,False,False,False,True,False,False,False,False,False,False,False,False,False,False,False,False,False,False,False,False,False,False,False,False,False,False,False,True
431,2024-08-29,3.0,0.0,0.0,0.0,0.0,0.0,1.0,0.0,0.0,23.6,22.5,21.5,3.7,0.0,1.8,0.0,0.0,0.0,0.0,46.22867,14.64931,False,False,False,False,False,False,False,True,False,False,False,False,False,False,False,False,False,False,False,False,False,False,False,False,False,False,False,False,False,False,False,False,False,False,False,False,True,False,False,False,False,False,False,False,False,False,False,False,False,False,False,False,False,False,False,False,False,False,False,False,True
432,2024-08-29,3.0,0.0,0.0,0.0,0.0,0.0,1.0,0.0,0.0,23.6,22.5,21.5,3.7,0.0,1.8,0.0,0.0,0.0,0.0,46.22867,14.64931,False,False,False,False,False,False,False,True,False,False,False,False,False,False,False,False,False,False,False,False,False,False,False,False,False,False,False,False,False,False,False,False,False,False,False,False,False,False,False,False,False,False,True,False,False,False,False,False,False,False,False,False,False,False,False,False,False,False,False,False,True
433,2024-08-29,3.0,0.0,0.0,0.0,0.0,0.0,1.0,0.0,0.0,23.6,22.5,21.5,3.7,0.0,1.8,0.0,0.0,0.0,0.0,46.22867,14.64931,False,False,False,False,False,False,False,True,False,False,False,False,False,False,False,False,False,False,False,False,False,False,False,False,False,False,False,False,False,False,False,False,False,False,False,False,False,False,False,False,False,False,True,False,False,False,False,False,False,False,False,False,False,False,False,False,False,False,False,False,True
434,2024-08-29,3.0,0.0,0.0,0.0,0.0,0.0,1.0,0.0,0.0,23.6,22.5,21.5,3.7,0.0,1.8,0.0,0.0,0.0,0.0,46.22867,14.64931,False,False,False,False,False,False,False,True,False,False,False,False,False,False,False,False,False,False,False,False,False,False,False,False,False,False,False,False,False,False,False,False,False,False,False,False,False,False,False,False,False,False,True,False,False,False,False,False,False,False,False,False,False,False,False,False,False,False,False,False,True
435,2024-09-23,2.0,0.0,0.0,0.0,0.0,0.0,1.0,0.0,0.0,13.4,14.1,13.6,0.0,0.0,0.0,0.0,0.0,0.0,0.0,46.2016736,14.9949564,False,False,False,False,False,False,False,True,False,False,False,False,False,False,False,False,False,False,False,False,False,False,False,False,False,False,False,False,False,False,False,False,False,False,False,False,False,False,False,False,False,False,False,False,False,False,False,False,False,False,False,False,True,False,False,False,False,False,False,False,True
436,2024-09-23,2.0,0.0,0.0,0.0,0.0,0.0,1.0,0.0,0.0,13.4,14.1,13.6,0.0,0.0,0.0,0.0,0.0,0.0,0.0,46.2016736,14.9949564,False,False,False,False,False,False,False,True,False,False,False,False,False,False,False,False,False,False,False,False,False,False,False,False,False,False,False,False,False,False,False,False,False,False,False,False,False,False,False,False,False,False,False,False,False,False,False,False,False,False,False,False,True,False,False,False,False,False,False,False,True
437,2024-09-25,1.0,2.0,0.0,0.0,0.0,0.0,0.0,1.0,0.0,13.3,13.6,13.5,1.0,15.4,0.0,0.0,0.0,0.0,0.0,46.454903,14.010215,False,False,False,False,False,False,False,True,False,False,False,False,False,False,False,False,False,False,False,False,False,False,False,False,False,False,False,False,False,False,False,False,False,False,False,False,False,False,False,False,False,False,False,False,False,False,False,False,False,False,False,False,False,False,False,False,False,True,False,False,False
438,2023-01-21,2.0,2.0,0.0,0.0,0.0,0.0,1.0,0.0,0.0,-7.6,-7.1,-4.4,0.0,0.0,0.0,7.14,2.17,9.8,1.0,45.591863,14.7362357,False,False,False,False,False,False,False,False,True,False,False,False,False,False,False,False,False,False,False,False,False,False,False,False,False,False,False,False,False,False,False,False,False,False,False,False,False,False,False,False,False,False,False,False,True,False,False,False,False,False,False,False,False,False,False,False,False,True,False,False,False
439,2023-01-21,2.0,2.0,0.0,0.0,0.0,0.0,1.0,0.0,0.0,-7.6,-7.1,-4.4,0.0,0.0,0.0,7.14,2.17,9.8,1.0,45.591863,14.7362357,False,False,False,False,False,False,False,False,True,False,False,False,False,False,False,False,False,False,False,False,False,False,False,False,False,False,False,False,False,False,False,False,False,False,False,False,False,False,False,False,False,False,False,False,True,False,False,False,False,False,False,False,False,False,False,False,False,True,False,False,False
440,2023-01-21,2.0,2.0,0.0,0.0,0.0,0.0,1.0,0.0,0.0,-7.6,-7.1,-4.4,0.0,0.0,0.0,7.14,2.17,9.8,1.0,45.591863,14.7362357,False,False,False,False,False,False,False,False,True,False,False,False,False,False,False,False,False,False,False,False,False,False,False,False,False,False,False,False,False,False,False,False,False,False,False,False,False,False,False,False,False,False,False,False,True,False,False,False,False,False,False,False,False,False,False,False,False,True,False,False,False
441,2023-01-21,2.0,2.0,0.0,0.0,0.0,0.0,1.0,0.0,0.0,-7.6,-7.1,-4.4,0.0,0.0,0.0,7.14,2.17,9.8,1.0,45.591863,14.7362357,False,False,False,False,False,False,False,False,True,False,False,False,False,False,False,False,False,False,False,False,False,False,False,False,False,False,False,False,False,False,False,False,False,False,False,False,False,False,False,False,False,False,False,False,True,False,False,False,False,False,False,False,False,False,False,False,False,True,False,False,False
442,2023-05-22,1.0,2.0,0.0,0.0,0.0,0.0,1.0,0.0,0.0,6.3,5.1,3.2,0.2,1.2,1.5,0.0,0.0,0.0,0.0,46.4374004,13.7311241,False,False,False,False,False,False,False,False,True,False,False,False,False,False,False,False,False,False,False,False,False,False,False,False,False,False,False,False,False,False,False,False,False,False,False,False,False,False,False,False,False,False,False,False,False,False,False,False,False,True,False,False,False,False,False,False,False,False,False,False,True
443,2023-06-24,1.0,3.0,0.0,0.0,0.0,0.0,1.0,0.0,0.0,16.4,19.2,21.6,0.2,6.0,0.0,0.0,0.0,0.0,2.0,45.8194609,14.0192976,False,False,False,False,False,False,False,False,True,False,False,False,False,False,False,False,False,False,False,False,False,False,False,False,False,False,False,False,False,False,False,False,False,False,False,False,False,False,False,False,False,False,False,False,False,False,False,False,False,True,False,False,False,False,False,False,False,True,False,False,False
444,2023-11-26,2.0,2.0,0.0,0.0,0.0,0.0,1.0,0.0,0.0,-1.2,-1.3,3.4,0.0,0.0,1.7,0.0,0.28,0.0,1.0,46.0797494,15.1245357,False,False,False,False,False,False,False,False,True,False,False,False,False,False,False,False,False,False,False,False,False,False,False,False,False,False,False,False,False,False,False,False,False,False,False,False,False,False,False,False,False,False,False,False,False,False,False,False,False,True,False,False,False,False,False,False,False,True,False,False,False
445,2023-11-26,2.0,2.0,0.0,0.0,0.0,0.0,1.0,0.0,0.0,-1.2,-1.3,3.4,0.0,0.0,1.7,0.0,0.28,0.0,1.0,46.0797494,15.1245357,False,False,False,False,False,False,False,False,True,False,False,False,False,False,False,False,False,False,False,False,False,False,False,False,False,False,False,False,False,False,False,False,False,False,False,False,False,False,False,False,False,False,False,False,False,False,False,False,False,True,False,False,False,False,False,False,False,True,False,False,False
446,2023-11-26,2.0,3.0,0.0,0.0,0.0,0.0,1.0,0.0,0.0,-1.2,-1.3,3.4,0.0,0.0,1.7,0.0,0.28,0.0,1.0,46.0797494,15.1245357,False,False,False,False,False,False,False,False,True,False,False,False,False,False,False,False,False,False,False,False,False,False,False,False,False,False,False,False,False,False,False,False,False,False,False,False,False,False,False,False,False,False,False,False,False,False,False,False,False,False,False,False,False,False,False,False,False,True,False,False,False
447,2023-11-26,2.0,3.0,0.0,0.0,0.0,0.0,1.0,0.0,0.0,-1.2,-1.3,3.4,0.0,0.0,1.7,0.0,0.28,0.0,1.0,46.0797494,15.1245357,False,False,False,False,False,False,False,False,True,False,False,False,False,False,False,False,False,False,False,False,False,False,False,False,False,False,False,False,False,False,False,False,False,False,False,False,False,False,False,False,False,False,False,False,False,False,False,False,False,False,False,False,False,False,False,False,False,True,False,False,False
448,2024-02-26,1.0,3.0,0.0,0.0,0.0,0.0,1.0,0.0,0.0,5.8,5.3,6.2,0.0,0.6,1.7,0.0,0.0,0.0,2.0,45.8140725,14.6274729,False,False,False,False,False,False,False,False,True,False,False,False,False,False,False,False,False,False,False,False,False,False,False,False,False,False,False,False,False,False,False,False,False,False,False,False,False,False,False,False,False,False,False,False,False,False,False,False,False,True,False,False,False,False,False,False,False,True,False,False,False
449,2024-10-28,1.0,3.0,0.0,0.0,0.0,0.0,1.0,0.0,0.0,11.2,12.4,11.0,0.0,0.0,3.3,0.0,0.0,0.0,1.0,46.46583,14.05333,False,False,False,False,False,False,False,False,True,False,False,False,False,False,False,False,False,False,False,False,False,False,False,False,False,False,False,False,False,False,False,False,False,False,False,False,False,False,False,False,False,False,False,False,False,False,False,False,False,True,False,False,False,False,False,False,False,True,False,False,False
450,2024-10-28,1.0,3.0,0.0,0.0,0.0,0.0,1.0,0.0,0.0,11.2,12.4,11.0,0.0,0.0,3.3,0.0,0.0,0.0,0.0,46.46583,14.05333,False,False,False,False,False,False,False,False,True,False,False,False,False,False,False,False,False,False,False,False,False,False,False,False,False,False,False,False,False,False,False,False,False,False,False,False,False,False,False,False,False,False,False,False,False,False,False,False,False,True,False,False,False,False,False,False,False,True,False,False,False
451,2016-07-13,1.0,2.0,0.0,0.0,0.0,0.0,1.0,0.0,0.0,20.5,25.1,25.8,20.9,0.4,0.2,0.0,0.0,0.0,0.0,46.6052013,15.0495045,False,False,False,False,False,False,False,False,False,True,False,False,False,False,False,False,False,False,False,False,False,False,False,False,False,False,False,False,False,False,False,False,False,False,False,False,False,False,False,False,False,False,False,False,False,False,False,False,False,True,False,False,False,False,False,False,False,True,False,False,False
452,2016-08-02,1.0,3.0,0.0,0.0,0.0,0.0,1.0,0.0,0.0,15.4,15.7,19.4,0.0,3.6,4.4,0.0,0.0,0.0,0.0,46.5153389,15.5782311,False,False,False,False,False,False,False,False,False,True,False,False,False,False,False,False,False,False,False,False,False,False,False,False,False,False,False,False,False,False,False,False,False,False,False,False,False,False,False,False,False,False,False,False,False,False,False,False,False,True,False,False,False,False,False,False,False,False,False,False,True
453,2016-08-10,1.0,3.0,0.0,0.0,0.0,1.0,0.0,0.0,0.0,14.4,20.6,19.7,18.2,0.0,0.0,0.0,0.0,0.0,0.0,46.1252839,14.4536787,False,False,False,False,False,False,False,False,False,True,False,False,False,False,False,False,False,False,False,False,False,False,False,False,False,False,False,False,False,False,False,False,False,False,False,False,False,False,False,False,False,False,False,False,False,False,False,False,False,True,False,False,False,False,False,False,False,False,False,False,True
454,2019-04-22,1.0,3.0,0.0,0.0,0.0,0.0,1.0,0.0,0.0,7.5,7.3,6.1,0.0,0.0,0.0,0.0,0.0,0.0,1.0,46.4875618,15.312858906549879,False,False,False,False,False,False,False,False,False,True,False,False,False,False,False,False,False,False,False,False,False,False,False,False,False,False,False,False,False,False,False,False,False,False,False,False,False,False,False,False,False,False,False,False,False,False,False,False,False,True,False,False,False,False,True,False,False,False,False,False,False
455,2020-08-09,1.0,7.0,0.0,0.0,0.0,0.0,1.0,0.0,0.0,19.7,19.0,17.2,1.0,0.9,1.6,0.0,0.0,0.0,0.0,46.5296705,15.1341833,False,False,False,False,False,False,False,False,False,True,False,False,False,False,False,False,False,False,False,False,False,False,False,False,False,False,False,False,False,False,False,False,False,False,False,False,False,False,False,False,False,False,False,False,False,False,False,False,False,False,False,False,False,False,False,False,False,True,False,False,False
456,2021-01-10,2.0,0.0,0.0,0.0,0.0,0.0,1.0,0.0,0.0,-1.4,-0.8,0.2,0.0,0.0,0.2,2.31,0.0,0.42,0.0,46.3220706,15.9864172,False,False,False,False,False,False,False,False,False,True,False,False,False,False,False,False,False,False,False,False,False,False,False,False,False,False,False,False,False,False,False,False,False,False,False,False,False,False,False,False,False,False,False,False,False,False,False,True,False,False,False,False,False,False,False,False,False,False,False,False,True
457,2021-01-10,2.0,0.0,0.0,0.0,0.0,0.0,1.0,0.0,0.0,-1.4,-0.8,0.2,0.0,0.0,0.2,2.31,0.0,0.42,0.0,46.3220706,15.9864172,False,False,False,False,False,False,False,False,False,True,False,False,False,False,False,False,False,False,False,False,False,False,False,False,False,False,False,False,False,False,False,False,False,False,False,False,False,False,False,False,False,False,False,False,False,False,False,True,False,False,False,False,False,False,False,False,False,False,False,False,True
458,2021-01-18,3.0,0.0,0.0,0.0,0.0,0.0,1.0,0.0,0.0,-2.0,-3.1,-2.3,0.0,0.0,0.0,0.0,0.42,1.54,0.0,46.3220706,15.9864172,False,False,False,False,False,False,False,False,False,True,False,False,False,False,False,False,False,False,False,False,False,False,False,False,False,False,False,False,False,False,False,False,False,False,False,False,False,False,False,False,False,False,False,False,False,False,False,False,False,False,False,False,False,True,False,False,False,False,False,False,True
459,2021-01-18,3.0,0.0,0.0,0.0,0.0,0.0,1.0,0.0,0.0,-2.0,-3.1,-2.3,0.0,0.0,0.0,0.0,0.42,1.54,0.0,46.3220706,15.9864172,False,False,False,False,False,False,False,False,False,True,False,False,False,False,False,False,False,False,False,False,False,False,False,False,False,False,False,False,False,False,False,False,False,False,False,False,False,False,False,False,False,False,False,False,False,False,False,False,False,False,False,False,False,True,False,False,False,False,False,False,True
460,2021-01-18,3.0,0.0,0.0,0.0,0.0,0.0,1.0,0.0,0.0,-2.0,-3.1,-2.3,0.0,0.0,0.0,0.0,0.42,1.54,0.0,46.3220706,15.9864172,False,False,False,False,False,False,False,False,False,True,False,False,False,False,False,False,False,False,False,False,False,False,False,False,False,False,False,False,False,False,False,False,False,False,False,False,False,False,False,False,False,False,False,False,False,False,False,False,False,False,False,False,False,True,False,False,False,False,False,False,True
461,2021-02-08,1.0,2.0,0.0,0.0,0.0,0.0,1.0,0.0,0.0,0.5,4.9,2.9,8.1,18.3,0.0,5.04,0.0,0.0,0.0,46.453196750000004,15.418843635128406,False,False,False,False,False,False,False,False,False,True,False,False,False,False,False,False,False,False,False,False,False,False,False,False,False,False,False,False,False,False,False,False,False,False,False,False,False,False,False,False,False,False,False,False,False,False,False,False,False,True,False,False,False,False,False,False,True,False,False,False,False
462,2021-03-08,0.0,0.0,1.0,0.0,0.0,0.0,0.0,0.0,0.0,1.9,0.3,1.1,0.0,0.0,0.1,0.0,0.0,0.07,0.0,46.0647091,14.487082863882367,False,False,False,False,False,False,False,False,False,True,False,False,False,False,False,False,False,False,False,False,False,False,False,False,False,False,False,False,False,False,False,False,False,False,False,False,False,False,False,False,False,False,False,False,False,False,False,False,False,False,False,False,False,False,False,False,False,False,False,False,False
463,2021-08-07,1.0,3.0,0.0,0.0,0.0,0.0,1.0,0.0,0.0,17.2,14.7,13.9,0.0,0.8,7.1,0.0,0.0,0.0,4.0,46.449067,15.419298,False,False,False,False,False,False,False,False,False,True,False,False,False,False,False,False,False,False,False,False,False,False,False,False,False,False,False,False,False,False,False,False,False,False,False,False,False,False,False,False,False,False,False,False,False,False,False,False,False,True,False,False,False,False,False,False,False,True,False,False,False
464,2021-08-11,1.0,5.0,0.0,0.0,0.0,0.0,1.0,0.0,0.0,17.4,16.6,14.2,0.0,1.0,3.2,0.0,0.0,0.0,0.0,46.50276985,15.210286354135555,False,False,False,False,False,False,False,False,False,True,False,False,False,False,False,False,False,False,False,False,False,False,False,False,False,False,False,False,False,False,False,False,False,False,False,False,False,False,False,False,False,False,False,False,False,False,False,False,False,False,False,False,False,False,False,False,False,True,False,False,False
465,2021-08-25,1.0,1.0,0.0,0.0,0.0,0.0,1.0,0.0,0.0,7.1,9.0,8.7,0.0,0.6,10.6,0.0,0.0,0.0,0.0,46.303447,14.5355102,False,False,False,False,False,False,False,False,False,True,False,False,False,False,False,False,False,False,False,False,False,False,False,False,False,False,False,False,False,False,False,False,False,False,False,False,False,False,False,False,False,False,False,False,False,False,False,True,False,False,False,False,False,False,True,False,False,False,False,False,False
466,2022-07-07,1.0,2.0,0.0,0.0,0.0,1.0,0.0,0.0,0.0,12.9,16.4,16.9,31.5,0.3,10.0,0.0,0.0,0.0,0.0,46.335173,13.988348,False,False,False,False,False,False,False,False,False,True,False,False,False,False,False,False,False,False,False,False,False,False,False,False,False,False,False,False,False,False,False,False,False,False,False,False,False,False,False,False,False,False,False,False,False,False,False,False,False,True,False,False,False,False,True,False,False,False,False,False,False
467,2023-12-30,1.0,2.0,0.0,0.0,0.0,0.0,1.0,0.0,0.0,-5.9,-6.0,-5.8,0.0,0.7,1.0,0.0,0.0,0.0,1.0,46.345606,13.446422,False,False,False,False,False,False,False,False,False,True,False,False,False,False,False,False,False,False,False,False,False,False,False,False,False,False,False,False,False,False,False,False,False,False,False,False,False,False,False,False,False,False,False,False,False,False,False,False,False,False,False,False,False,False,True,False,False,False,False,False,False
468,2024-02-26,1.0,4.0,0.0,0.0,1.0,0.0,0.0,0.0,0.0,4.2,5.0,5.6,0.1,1.8,2.7,0.0,0.07,0.0,0.0,46.37315995,14.098851550000001,False,False,False,False,False,False,False,False,False,True,False,False,False,False,False,False,False,False,False,False,False,False,False,False,False,False,False,False,False,False,False,False,False,False,False,False,False,False,False,False,False,False,False,False,False,False,False,False,False,True,False,False,False,False,False,False,False,False,False,False,False
469,2024-04-07,1.0,1.0,0.0,0.0,0.0,0.0,1.0,0.0,0.0,16.3,14.1,12.2,0.0,0.0,0.0,0.0,0.0,0.0,0.0,45.9819623,14.912282,False,False,False,False,False,False,False,False,False,True,False,False,False,False,False,False,False,False,False,False,False,False,False,False,False,False,False,False,False,False,False,False,False,False,False,False,False,False,False,False,False,False,False,False,False,False,False,False,False,True,False,False,False,False,False,False,True,False,False,False,False
470,2024-08-07,0.0,0.0,0.0,1.0,0.0,0.0,0.0,0.0,0.0,21.0,20.0,21.1,2.2,0.4,0.2,0.0,0.0,0.0,0.0,46.0764723,14.2817739,False,False,False,False,False,False,False,False,False,True,False,False,False,False,False,False,False,False,False,False,False,False,False,False,False,False,False,False,False,False,False,False,False,False,False,False,False,False,False,False,False,False,False,False,False,False,False,False,False,False,False,False,False,False,False,False,False,False,False,False,False
471,2024-12-20,1.0,2.0,0.0,0.0,0.0,0.0,1.0,0.0,0.0,3.1,5.6,5.1,10.4,0.3,0.0,0.14,0.0,0.0,0.0,46.52551665,15.601588504131719,False,False,False,False,False,False,False,False,False,True,False,False,False,False,False,False,False,False,False,False,False,False,False,False,False,False,False,False,False,False,False,False,False,False,False,False,False,False,False,False,False,False,False,False,False,False,False,False,False,True,False,False,False,False,False,False,False,False,False,False,True
472,2022-07-15,0.0,0.0,0.0,0.0,0.0,0.0,1.0,0.0,0.0,10.1,11.6,8.8,15.9,0.2,0.0,0.0,0.0,0.0,0.0,46.3801308,13.8524447,False,False,False,False,False,False,False,False,False,False,True,False,False,False,False,False,False,False,False,False,False,False,False,False,False,False,False,False,False,False,False,False,False,False,False,False,False,False,False,False,False,False,False,False,False,False,False,False,False,False,False,False,False,False,False,False,False,False,False,False,False
473,2022-07-15,18.0,4.0,0.0,0.0,0.0,0.0,1.0,0.0,0.0,10.1,11.6,8.8,15.9,0.2,0.0,0.0,0.0,0.0,2.0,46.3801308,13.8524447,False,False,False,False,False,False,False,False,False,False,True,False,False,False,False,False,False,False,False,False,False,False,False,False,False,False,False,False,False,False,False,False,False,False,False,False,False,False,False,False,False,False,False,False,False,False,False,False,False,False,False,True,False,False,False,False,False,False,False,False,True
474,2022-07-15,18.0,4.0,0.0,0.0,0.0,0.0,1.0,0.0,0.0,10.1,11.6,8.8,15.9,0.2,0.0,0.0,0.0,0.0,2.0,46.3801308,13.8524447,False,False,False,False,False,False,False,False,False,False,True,False,False,False,False,False,False,False,False,False,False,False,False,False,False,False,False,False,False,False,False,False,False,False,False,False,False,False,False,False,False,False,False,False,False,False,False,False,False,False,False,True,False,False,False,False,False,False,False,False,True
475,2022-07-15,18.0,4.0,0.0,0.0,0.0,0.0,1.0,0.0,0.0,10.1,11.6,8.8,15.9,0.2,0.0,0.0,0.0,0.0,2.0,46.3801308,13.8524447,False,False,False,False,False,False,False,False,False,False,True,False,False,False,False,False,False,False,False,False,False,False,False,False,False,False,False,False,False,False,False,False,False,False,False,False,False,False,False,False,False,False,False,False,False,False,False,False,False,False,False,True,False,False,False,False,False,False,False,False,True
476,2022-07-15,18.0,4.0,0.0,0.0,0.0,0.0,1.0,0.0,0.0,10.1,11.6,8.8,15.9,0.2,0.0,0.0,0.0,0.0,2.0,46.3801308,13.8524447,False,False,False,False,False,False,False,False,False,False,True,False,False,False,False,False,False,False,False,False,False,False,False,False,False,False,False,False,False,False,False,False,False,False,False,False,False,False,False,False,False,False,False,False,False,False,False,False,False,False,False,True,False,False,False,False,False,False,False,False,True
477,2022-07-15,18.0,4.0,0.0,0.0,0.0,0.0,1.0,0.0,0.0,10.1,11.6,8.8,15.9,0.2,0.0,0.0,0.0,0.0,2.0,46.3801308,13.8524447,False,False,False,False,False,False,False,False,False,False,True,False,False,False,False,False,False,False,False,False,False,False,False,False,False,False,False,False,False,False,False,False,False,False,False,False,False,False,False,False,False,False,False,False,False,False,False,False,False,False,False,True,False,False,False,False,False,False,False,False,True
478,2022-07-15,18.0,4.0,0.0,0.0,0.0,0.0,1.0,0.0,0.0,10.1,11.6,8.8,15.9,0.2,0.0,0.0,0.0,0.0,2.0,46.3801308,13.8524447,False,False,False,False,False,False,False,False,False,False,True,False,False,False,False,False,False,False,False,False,False,False,False,False,False,False,False,False,False,False,False,False,False,False,False,False,False,False,False,False,False,False,False,False,False,False,False,False,False,False,False,True,False,False,False,False,False,False,False,False,True
479,2022-07-15,18.0,4.0,0.0,0.0,0.0,0.0,1.0,0.0,0.0,10.1,11.6,8.8,15.9,0.2,0.0,0.0,0.0,0.0,2.0,46.3801308,13.8524447,False,False,False,False,False,False,False,False,False,False,True,False,False,False,False,False,False,False,False,False,False,False,False,False,False,False,False,False,False,False,False,False,False,False,False,False,False,False,False,False,False,False,False,False,False,False,False,False,False,False,False,True,False,False,False,False,False,False,False,False,True
480,2022-07-15,18.0,4.0,0.0,0.0,0.0,0.0,1.0,0.0,0.0,10.1,11.6,8.8,15.9,0.2,0.0,0.0,0.0,0.0,2.0,46.3801308,13.8524447,False,False,False,False,False,False,False,False,False,False,True,False,False,False,False,False,False,False,False,False,False,False,False,False,False,False,False,False,False,False,False,False,False,False,False,False,False,False,False,False,False,False,False,False,False,False,False,False,False,False,False,True,False,False,False,False,False,False,False,False,True
481,2022-07-15,18.0,4.0,0.0,0.0,0.0,0.0,1.0,0.0,0.0,10.1,11.6,8.8,15.9,0.2,0.0,0.0,0.0,0.0,2.0,46.3801308,13.8524447,False,False,False,False,False,False,False,False,False,False,True,False,False,False,False,False,False,False,False,False,False,False,False,False,False,False,False,False,False,False,False,False,False,False,False,False,False,False,False,False,False,False,False,False,False,False,False,False,False,False,False,True,False,False,False,False,False,False,False,False,True
482,2022-07-15,18.0,4.0,0.0,0.0,0.0,0.0,1.0,0.0,0.0,10.1,11.6,8.8,15.9,0.2,0.0,0.0,0.0,0.0,2.0,46.3801308,13.8524447,False,False,False,False,False,False,False,False,False,False,True,False,False,False,False,False,False,False,False,False,False,False,False,False,False,False,False,False,False,False,False,False,False,False,False,False,False,False,False,False,False,False,False,False,False,False,False,False,False,False,False,True,False,False,False,False,False,False,False,False,True
483,2022-07-15,18.0,4.0,0.0,0.0,0.0,0.0,1.0,0.0,0.0,10.1,11.6,8.8,15.9,0.2,0.0,0.0,0.0,0.0,2.0,46.3801308,13.8524447,False,False,False,False,False,False,False,False,False,False,True,False,False,False,False,False,False,False,False,False,False,False,False,False,False,False,False,False,False,False,False,False,False,False,False,False,False,False,False,False,False,False,False,False,False,False,False,False,False,False,False,True,False,False,False,False,False,False,False,False,True
484,2022-07-15,18.0,4.0,0.0,0.0,0.0,0.0,1.0,0.0,0.0,10.1,11.6,8.8,15.9,0.2,0.0,0.0,0.0,0.0,2.0,46.3801308,13.8524447,False,False,False,False,False,False,False,False,False,False,True,False,False,False,False,False,False,False,False,False,False,False,False,False,False,False,False,False,False,False,False,False,False,False,False,False,False,False,False,False,False,False,False,False,False,False,False,False,False,False,False,True,False,False,False,False,False,False,False,False,True
485,2022-07-15,18.0,4.0,0.0,0.0,0.0,0.0,1.0,0.0,0.0,10.1,11.6,8.8,15.9,0.2,0.0,0.0,0.0,0.0,2.0,46.3801308,13.8524447,False,False,False,False,False,False,False,False,False,False,True,False,False,False,False,False,False,False,False,False,False,False,False,False,False,False,False,False,False,False,False,False,False,False,False,False,False,False,False,False,False,False,False,False,False,False,False,False,False,False,False,True,False,False,False,False,False,False,False,False,True
486,2022-07-15,18.0,4.0,0.0,0.0,0.0,0.0,1.0,0.0,0.0,10.1,11.6,8.8,15.9,0.2,0.0,0.0,0.0,0.0,2.0,46.3801308,13.8524447,False,False,False,False,False,False,False,False,False,False,True,False,False,False,False,False,False,False,False,False,False,False,False,False,False,False,False,False,False,False,False,False,False,False,False,False,False,False,False,False,False,False,False,False,False,False,False,False,False,False,False,True,False,False,False,False,False,False,False,False,True
487,2022-07-15,18.0,4.0,0.0,0.0,0.0,0.0,1.0,0.0,0.0,10.1,11.6,8.8,15.9,0.2,0.0,0.0,0.0,0.0,2.0,46.3801308,13.8524447,False,False,False,False,False,False,False,False,False,False,True,False,False,False,False,False,False,False,False,False,False,False,False,False,False,False,False,False,False,False,False,False,False,False,False,False,False,False,False,False,False,False,False,False,False,False,False,False,False,False,False,True,False,False,False,False,False,False,False,False,True
488,2022-07-15,18.0,4.0,0.0,0.0,0.0,0.0,1.0,0.0,0.0,10.1,11.6,8.8,15.9,0.2,0.0,0.0,0.0,0.0,2.0,46.3801308,13.8524447,False,False,False,False,False,False,False,False,False,False,True,False,False,False,False,False,False,False,False,False,False,False,False,False,False,False,False,False,False,False,False,False,False,False,False,False,False,False,False,False,False,False,False,False,False,False,False,False,False,False,False,True,False,False,False,False,False,False,False,False,True
489,2022-07-15,18.0,4.0,0.0,0.0,0.0,0.0,1.0,0.0,0.0,10.1,11.6,8.8,15.9,0.2,0.0,0.0,0.0,0.0,2.0,46.3801308,13.8524447,False,False,False,False,False,False,False,False,False,False,True,False,False,False,False,False,False,False,False,False,False,False,False,False,False,False,False,False,False,False,False,False,False,False,False,False,False,False,False,False,False,False,False,False,False,False,False,False,False,False,False,True,False,False,False,False,False,False,False,False,True
490,2022-07-15,18.0,4.0,0.0,0.0,0.0,0.0,1.0,0.0,0.0,10.1,11.6,8.8,15.9,0.2,0.0,0.0,0.0,0.0,2.0,46.3801308,13.8524447,False,False,False,False,False,False,False,False,False,False,True,False,False,False,False,False,False,False,False,False,False,False,False,False,False,False,False,False,False,False,False,False,False,False,False,False,False,False,False,False,False,False,False,False,False,False,False,False,False,False,False,True,False,False,False,False,False,False,False,False,True
491,2022-07-15,18.0,1.0,0.0,0.0,0.0,0.0,1.0,0.0,0.0,10.1,11.6,8.8,15.9,0.2,0.0,0.0,0.0,0.0,2.0,46.3801308,13.8524447,False,False,False,False,False,False,False,False,False,False,True,False,False,False,False,False,False,False,False,False,False,False,False,False,False,False,False,False,False,False,False,False,False,False,False,False,False,False,False,False,False,False,False,False,False,False,False,False,False,False,False,True,False,False,False,False,False,False,False,False,True
492,2022-07-15,18.0,1.0,0.0,0.0,0.0,0.0,1.0,0.0,0.0,10.1,11.6,8.8,15.9,0.2,0.0,0.0,0.0,0.0,2.0,46.3801308,13.8524447,False,False,False,False,False,False,False,False,False,False,True,False,False,False,False,False,False,False,False,False,False,False,False,False,False,False,False,False,False,False,False,False,False,False,False,False,False,False,False,False,False,False,False,False,False,False,False,False,False,False,False,True,False,False,False,False,False,False,False,False,True
493,2022-07-15,18.0,1.0,0.0,0.0,0.0,0.0,1.0,0.0,0.0,10.1,11.6,8.8,15.9,0.2,0.0,0.0,0.0,0.0,2.0,46.3801308,13.8524447,False,False,False,False,False,False,False,False,False,False,True,False,False,False,False,False,False,False,False,False,False,False,False,False,False,False,False,False,False,False,False,False,False,False,False,False,False,False,False,False,False,False,False,False,False,False,False,False,False,False,False,True,False,False,False,False,False,False,False,False,True
494,2022-07-15,18.0,1.0,0.0,0.0,0.0,0.0,1.0,0.0,0.0,10.1,11.6,8.8,15.9,0.2,0.0,0.0,0.0,0.0,2.0,46.3801308,13.8524447,False,False,False,False,False,False,False,False,False,False,True,False,False,False,False,False,False,False,False,False,False,False,False,False,False,False,False,False,False,False,False,False,False,False,False,False,False,False,False,False,False,False,False,False,False,False,False,False,False,False,False,True,False,False,False,False,False,False,False,False,True
495,2022-07-15,18.0,1.0,0.0,0.0,0.0,0.0,1.0,0.0,0.0,10.1,11.6,8.8,15.9,0.2,0.0,0.0,0.0,0.0,2.0,46.3801308,13.8524447,False,False,False,False,False,False,False,False,False,False,True,False,False,False,False,False,False,False,False,False,False,False,False,False,False,False,False,False,False,False,False,False,False,False,False,False,False,False,False,False,False,False,False,False,False,False,False,False,False,False,False,True,False,False,False,False,False,False,False,False,True
496,2022-07-15,18.0,1.0,0.0,0.0,0.0,0.0,1.0,0.0,0.0,10.1,11.6,8.8,15.9,0.2,0.0,0.0,0.0,0.0,2.0,46.3801308,13.8524447,False,False,False,False,False,False,False,False,False,False,True,False,False,False,False,False,False,False,False,False,False,False,False,False,False,False,False,False,False,False,False,False,False,False,False,False,False,False,False,False,False,False,False,False,False,False,False,False,False,False,False,True,False,False,False,False,False,False,False,False,True
497,2022-07-15,18.0,1.0,0.0,0.0,0.0,0.0,1.0,0.0,0.0,10.1,11.6,8.8,15.9,0.2,0.0,0.0,0.0,0.0,2.0,46.3801308,13.8524447,False,False,False,False,False,False,False,False,False,False,True,False,False,False,False,False,False,False,False,False,False,False,False,False,False,False,False,False,False,False,False,False,False,False,False,False,False,False,False,False,False,False,False,False,False,False,False,False,False,False,False,True,False,False,False,False,False,False,False,False,True
498,2022-07-15,18.0,1.0,0.0,0.0,0.0,0.0,1.0,0.0,0.0,10.1,11.6,8.8,15.9,0.2,0.0,0.0,0.0,0.0,2.0,46.3801308,13.8524447,False,False,False,False,False,False,False,False,False,False,True,False,False,False,False,False,False,False,False,False,False,False,False,False,False,False,False,False,False,False,False,False,False,False,False,False,False,False,False,False,False,False,False,False,False,False,False,False,False,False,False,True,False,False,False,False,False,False,False,False,True
499,2022-07-15,18.0,1.0,0.0,0.0,0.0,0.0,1.0,0.0,0.0,10.1,11.6,8.8,15.9,0.2,0.0,0.0,0.0,0.0,2.0,46.3801308,13.8524447,False,False,False,False,False,False,False,False,False,False,True,False,False,False,False,False,False,False,False,False,False,False,False,False,False,False,False,False,False,False,False,False,False,False,False,False,False,False,False,False,False,False,False,False,False,False,False,False,False,False,False,True,False,False,False,False,False,False,False,False,True
500,2022-07-15,18.0,1.0,0.0,0.0,0.0,0.0,1.0,0.0,0.0,10.1,11.6,8.8,15.9,0.2,0.0,0.0,0.0,0.0,2.0,46.3801308,13.8524447,False,False,False,False,False,False,False,False,False,False,True,False,False,False,False,False,False,False,False,False,False,False,False,False,False,False,False,False,False,False,False,False,False,False,False,False,False,False,False,False,False,False,False,False,False,False,False,False,False,False,False,True,False,False,False,False,False,False,False,False,True
501,2022-07-15,18.0,1.0,0.0,0.0,0.0,0.0,1.0,0.0,0.0,10.1,11.6,8.8,15.9,0.2,0.0,0.0,0.0,0.0,2.0,46.3801308,13.8524447,False,False,False,False,False,False,False,False,False,False,True,False,False,False,False,False,False,False,False,False,False,False,False,False,False,False,False,False,False,False,False,False,False,False,False,False,False,False,False,False,False,False,False,False,False,False,False,False,False,False,False,True,False,False,False,False,False,False,False,False,True
502,2022-07-15,18.0,1.0,0.0,0.0,0.0,0.0,1.0,0.0,0.0,10.1,11.6,8.8,15.9,0.2,0.0,0.0,0.0,0.0,2.0,46.3801308,13.8524447,False,False,False,False,False,False,False,False,False,False,True,False,False,False,False,False,False,False,False,False,False,False,False,False,False,False,False,False,False,False,False,False,False,False,False,False,False,False,False,False,False,False,False,False,False,False,False,False,False,False,False,True,False,False,False,False,False,False,False,False,True
503,2022-07-15,18.0,1.0,0.0,0.0,0.0,0.0,1.0,0.0,0.0,10.1,11.6,8.8,15.9,0.2,0.0,0.0,0.0,0.0,2.0,46.3801308,13.8524447,False,False,False,False,False,False,False,False,False,False,True,False,False,False,False,False,False,False,False,False,False,False,False,False,False,False,False,False,False,False,False,False,False,False,False,False,False,False,False,False,False,False,False,False,False,False,False,False,False,False,False,True,False,False,False,False,False,False,False,False,True
504,2022-07-15,18.0,1.0,0.0,0.0,0.0,0.0,1.0,0.0,0.0,10.1,11.6,8.8,15.9,0.2,0.0,0.0,0.0,0.0,2.0,46.3801308,13.8524447,False,False,False,False,False,False,False,False,False,False,True,False,False,False,False,False,False,False,False,False,False,False,False,False,False,False,False,False,False,False,False,False,False,False,False,False,False,False,False,False,False,False,False,False,False,False,False,False,False,False,False,True,False,False,False,False,False,False,False,False,True
505,2022-07-15,18.0,1.0,0.0,0.0,0.0,0.0,1.0,0.0,0.0,10.1,11.6,8.8,15.9,0.2,0.0,0.0,0.0,0.0,2.0,46.3801308,13.8524447,False,False,False,False,False,False,False,False,False,False,True,False,False,False,False,False,False,False,False,False,False,False,False,False,False,False,False,False,False,False,False,False,False,False,False,False,False,False,False,False,False,False,False,False,False,False,False,False,False,False,False,True,False,False,False,False,False,False,False,False,True
506,2022-07-15,18.0,1.0,0.0,0.0,0.0,0.0,1.0,0.0,0.0,10.1,11.6,8.8,15.9,0.2,0.0,0.0,0.0,0.0,2.0,46.3801308,13.8524447,False,False,False,False,False,False,False,False,False,False,True,False,False,False,False,False,False,False,False,False,False,False,False,False,False,False,False,False,False,False,False,False,False,False,False,False,False,False,False,False,False,False,False,False,False,False,False,False,False,False,False,True,False,False,False,False,False,False,False,False,True
507,2022-07-15,18.0,1.0,0.0,0.0,0.0,0.0,1.0,0.0,0.0,10.1,11.6,8.8,15.9,0.2,0.0,0.0,0.0,0.0,2.0,46.3801308,13.8524447,False,False,False,False,False,False,False,False,False,False,True,False,False,False,False,False,False,False,False,False,False,False,False,False,False,False,False,False,False,False,False,False,False,False,False,False,False,False,False,False,False,False,False,False,False,False,False,False,False,False,False,True,False,False,False,False,False,False,False,False,True
508,2022-07-15,18.0,1.0,0.0,0.0,0.0,0.0,1.0,0.0,0.0,10.1,11.6,8.8,15.9,0.2,0.0,0.0,0.0,0.0,2.0,46.3801308,13.8524447,False,False,False,False,False,False,False,False,False,False,True,False,False,False,False,False,False,False,False,False,False,False,False,False,False,False,False,False,False,False,False,False,False,False,False,False,False,False,False,False,False,False,False,False,False,False,False,False,False,False,False,True,False,False,False,False,False,False,False,False,True
509,2023-07-15,0.0,0.0,0.0,0.0,0.0,0.0,1.0,0.0,0.0,18.9,16.1,15.5,0.0,0.0,21.7,0.0,0.0,0.0,0.0,46.3921979,13.8348511,False,False,False,False,False,False,False,False,False,False,True,False,False,False,False,False,False,False,False,False,False,False,False,False,False,False,False,False,False,False,False,False,False,False,False,False,False,False,False,False,False,False,False,False,False,False,False,False,False,False,False,False,False,False,False,False,False,False,False,False,False
510,2023-07-15,1.0,6.0,0.0,0.0,0.0,0.0,1.0,0.0,0.0,18.9,16.1,15.5,0.0,0.0,21.7,0.0,0.0,0.0,2.0,46.3921979,13.8348511,False,False,False,False,False,False,False,False,False,False,True,False,False,False,False,False,False,False,False,False,False,False,False,False,False,False,False,False,False,False,False,False,False,False,False,False,False,False,False,False,False,False,False,False,False,False,False,False,False,True,False,False,False,False,False,False,False,False,False,False,True
511,2023-07-15,2.0,0.0,0.0,0.0,0.0,0.0,0.0,1.0,0.0,20.5,18.0,17.3,0.0,0.0,34.5,0.0,0.0,0.0,2.0,46.4326116585351,13.887762766452559,False,False,False,False,False,False,False,False,False,False,True,False,False,False,False,False,False,False,False,False,False,False,False,False,False,False,False,False,False,False,False,False,False,False,False,False,False,False,False,False,False,False,False,False,False,False,False,False,False,False,False,False,False,True,False,False,False,False,False,False,False
512,2023-07-15,2.0,0.0,0.0,0.0,0.0,0.0,0.0,1.0,0.0,20.5,18.0,17.3,0.0,0.0,34.5,0.0,0.0,0.0,2.0,46.4326116585351,13.887762766452559,False,False,False,False,False,False,False,False,False,False,True,False,False,False,False,False,False,False,False,False,False,False,False,False,False,False,False,False,False,False,False,False,False,False,False,False,False,False,False,False,False,False,False,False,False,False,False,False,False,False,False,False,False,True,False,False,False,False,False,False,False
513,2023-09-12,1.0,1.0,0.0,0.0,0.0,0.0,1.0,0.0,0.0,10.6,11.9,10.6,0.0,0.0,0.0,0.0,0.0,0.0,2.0,46.3801308,13.8524447,False,False,False,False,False,False,False,False,False,False,True,False,False,False,False,False,False,False,False,False,False,False,False,False,False,False,False,False,False,False,False,False,False,False,False,False,False,False,False,False,False,False,False,False,False,False,False,False,False,True,False,False,False,False,False,False,False,False,False,False,True
514,2023-09-12,1.0,1.0,0.0,0.0,0.0,0.0,1.0,0.0,0.0,10.6,11.9,10.6,0.0,0.0,0.0,0.0,0.0,0.0,1.0,46.3801308,13.8524447,False,False,False,False,False,False,False,False,False,False,True,False,False,False,False,False,False,False,False,False,False,False,False,False,False,False,False,False,False,False,False,False,False,False,False,False,False,False,False,False,False,False,False,False,False,False,False,False,False,True,False,False,False,False,False,False,False,False,False,False,True
515,2023-11-29,1.0,3.0,0.0,0.0,0.0,0.0,1.0,0.0,0.0,1.0,4.1,1.1,0.0,3.8,0.1,0.0,0.0,0.0,2.0,45.994554,15.297393,False,False,False,False,False,False,False,False,False,False,True,False,False,False,False,False,False,False,False,False,False,False,False,False,False,False,False,False,False,False,False,False,False,False,False,False,False,False,False,False,False,False,False,False,False,False,False,False,False,False,False,False,True,False,False,False,False,False,False,False,True
516,2024-02-25,0.0,0.0,0.0,0.0,0.0,0.0,1.0,0.0,0.0,4.5,5.1,5.9,1.8,2.7,49.6,0.07,0.0,0.0,1.0,46.3352,14.14888,False,False,False,False,False,False,False,False,False,False,True,False,False,False,False,False,False,False,False,False,False,False,False,False,False,False,False,False,False,False,False,False,False,False,False,False,False,False,False,False,False,False,False,False,False,False,False,False,False,False,False,False,False,False,False,False,False,False,False,False,False
517,2024-06-07,0.0,0.0,0.0,0.0,0.0,0.0,1.0,0.0,0.0,22.1,21.2,19.2,0.1,0.5,4.1,0.0,0.0,0.0,0.0,45.954434,13.635009,False,False,False,False,False,False,False,False,False,False,True,False,False,False,False,False,False,False,False,False,False,False,False,False,False,False,False,False,False,False,False,False,False,False,False,False,False,False,False,False,False,False,False,False,False,False,False,False,False,False,False,False,False,False,False,False,False,False,False,False,False
518,2024-08-07,2.0,2.0,0.0,0.0,0.0,0.0,1.0,0.0,0.0,10.7,9.0,9.3,3.0,2.8,3.2,0.0,0.0,0.0,1.0,46.3801308,13.8524447,False,False,False,False,False,False,False,False,False,False,True,False,False,False,False,False,False,False,False,False,False,False,False,False,False,False,False,False,False,False,False,False,False,False,False,False,False,False,False,False,False,False,False,False,False,False,False,False,False,False,False,False,False,False,False,False,False,False,False,False,True
519,2024-08-07,2.0,2.0,0.0,0.0,0.0,0.0,1.0,0.0,0.0,10.7,9.0,9.3,3.0,2.8,3.2,0.0,0.0,0.0,1.0,46.3801308,13.8524447,False,False,False,False,False,False,False,False,False,False,True,False,False,False,False,False,False,False,False,False,False,False,False,False,False,False,False,False,False,False,False,False,False,False,False,False,False,False,False,False,False,False,False,False,False,False,False,False,False,False,False,False,False,False,False,False,False,False,False,False,True
520,2024-08-07,2.0,0.0,0.0,0.0,0.0,0.0,1.0,0.0,0.0,10.7,9.0,9.3,3.0,2.8,3.2,0.0,0.0,0.0,1.0,46.3801308,13.8524447,False,False,False,False,False,False,False,False,False,False,True,False,False,False,False,False,False,False,False,False,False,False,False,False,False,False,False,False,False,False,False,False,False,False,False,False,False,False,False,False,False,False,False,False,False,False,False,False,False,False,False,False,False,False,False,False,False,False,False,False,True
521,2024-08-07,2.0,0.0,0.0,0.0,0.0,0.0,1.0,0.0,0.0,10.7,9.0,9.3,3.0,2.8,3.2,0.0,0.0,0.0,1.0,46.3801308,13.8524447,False,False,False,False,False,False,False,False,False,False,True,False,False,False,False,False,False,False,False,False,False,False,False,False,False,False,False,False,False,False,False,False,False,False,False,False,False,False,False,False,False,False,False,False,False,False,False,False,False,False,False,False,False,False,False,False,False,False,False,False,True
522,2024-08-08,2.0,0.0,0.0,0.0,0.0,0.0,1.0,0.0,0.0,10.2,10.7,9.0,0.7,3.0,2.8,0.0,0.0,0.0,1.0,46.3801308,13.8524447,False,False,False,False,False,False,False,False,False,False,True,False,False,False,False,False,False,False,False,False,False,False,False,False,False,False,False,False,False,False,False,False,False,False,False,False,False,False,False,False,False,False,False,False,False,False,False,False,False,False,False,False,False,False,False,False,False,False,False,False,True
523,2024-08-08,2.0,0.0,0.0,0.0,0.0,0.0,1.0,0.0,0.0,10.2,10.7,9.0,0.7,3.0,2.8,0.0,0.0,0.0,1.0,46.3801308,13.8524447,False,False,False,False,False,False,False,False,False,False,True,False,False,False,False,False,False,False,False,False,False,False,False,False,False,False,False,False,False,False,False,False,False,False,False,False,False,False,False,False,False,False,False,False,False,False,False,False,False,False,False,False,False,False,False,False,False,False,False,False,True
524,2021-03-06,1.0,2.0,0.0,0.0,0.0,0.0,1.0,0.0,0.0,-9.3,-4.0,-0.4,0.0,1.0,0.0,0.0,2.17,0.0,0.0,46.4216784,14.2297565,False,False,False,False,False,False,False,False,False,False,False,True,False,False,False,False,False,False,False,False,False,False,False,False,False,False,False,False,False,False,False,False,False,False,False,False,False,False,False,False,False,False,False,False,False,False,False,False,False,True,False,False,False,False,False,False,False,True,False,False,False
525,2022-06-18,1.0,1.0,0.0,0.0,0.0,0.0,1.0,0.0,0.0,20.0,19.9,21.9,0.0,0.1,0.4,0.0,0.0,0.0,4.0,45.8235809,15.4690735,False,False,False,False,False,False,False,False,False,False,False,True,False,False,False,False,False,False,False,False,False,False,False,False,False,False,False,False,False,False,False,False,False,False,False,False,False,False,False,False,False,False,False,False,False,False,False,False,False,True,False,False,False,False,False,False,False,False,False,False,True
526,2022-06-21,1.0,0.0,0.0,0.0,0.0,0.0,1.0,0.0,0.0,21.2,21.2,20.0,1.7,0.1,0.0,0.0,0.0,0.0,0.0,46.3570961,14.0746376,False,False,False,False,False,False,False,False,False,False,False,True,False,False,False,False,False,False,False,False,False,False,False,False,False,False,False,False,False,False,False,False,False,False,False,False,False,False,False,False,False,False,False,False,False,False,False,False,False,False,False,False,False,True,False,False,False,False,False,False,True
527,2022-06-23,2.0,1.0,0.0,0.0,0.0,0.0,1.0,0.0,0.0,11.7,12.5,13.5,3.6,2.5,3.7,0.0,0.0,0.0,0.0,46.4216784,14.2297565,False,False,False,False,False,False,False,False,False,False,False,True,False,False,False,False,False,False,False,False,False,False,False,False,False,False,False,False,False,False,False,False,False,False,False,False,False,False,False,False,False,False,False,False,False,False,False,True,False,False,False,False,False,False,False,False,False,False,False,False,True
528,2022-06-23,2.0,1.0,0.0,0.0,0.0,0.0,1.0,0.0,0.0,11.7,12.5,13.5,3.6,2.5,3.7,0.0,0.0,0.0,0.0,46.4216784,14.2297565,False,False,False,False,False,False,False,False,False,False,False,True,False,False,False,False,False,False,False,False,False,False,False,False,False,False,False,False,False,False,False,False,False,False,False,False,False,False,False,False,False,False,False,False,False,False,False,True,False,False,False,False,False,False,False,False,False,False,False,False,True
529,2022-06-23,2.0,0.0,0.0,0.0,0.0,0.0,1.0,0.0,0.0,11.7,12.5,13.5,3.6,2.5,3.7,0.0,0.0,0.0,0.0,46.4216784,14.2297565,False,False,False,False,False,False,False,False,False,False,False,True,False,False,False,False,False,False,False,False,False,False,False,False,False,False,False,False,False,False,False,False,False,False,False,False,False,False,False,False,False,False,False,False,False,False,False,True,False,False,False,False,False,False,False,False,False,False,False,False,True
530,2022-06-23,2.0,0.0,0.0,0.0,0.0,0.0,1.0,0.0,0.0,11.7,12.5,13.5,3.6,2.5,3.7,0.0,0.0,0.0,0.0,46.4216784,14.2297565,False,False,False,False,False,False,False,False,False,False,False,True,False,False,False,False,False,False,False,False,False,False,False,False,False,False,False,False,False,False,False,False,False,False,False,False,False,False,False,False,False,False,False,False,False,False,False,True,False,False,False,False,False,False,False,False,False,False,False,False,True
531,2022-07-13,1.0,2.0,0.0,0.0,0.0,0.0,1.0,0.0,0.0,17.4,13.9,12.8,0.0,3.4,1.9,0.0,0.0,0.0,2.0,46.42547,15.39252,False,False,False,False,False,False,False,False,False,False,False,True,False,False,False,False,False,False,False,False,False,False,False,False,False,False,False,False,False,False,False,False,False,False,False,False,False,False,False,False,False,False,False,False,False,False,False,False,False,True,False,False,False,False,False,False,False,True,False,False,False
532,2022-09-18,1.0,3.0,0.0,1.0,0.0,0.0,0.0,0.0,0.0,5.4,4.8,10.1,0.1,18.4,15.7,0.0,0.0,0.0,1.0,46.3441471,13.9218914,False,False,False,False,False,False,False,False,False,False,False,True,False,False,False,False,False,False,False,False,False,False,False,False,False,False,False,False,False,False,False,False,False,False,False,False,False,False,False,False,False,False,False,False,False,False,False,False,False,False,False,False,False,False,False,False,False,False,False,False,True
533,2022-09-18,1.0,3.0,0.0,1.0,0.0,0.0,0.0,0.0,0.0,5.4,4.8,10.1,0.1,18.4,15.7,0.0,0.0,0.0,0.0,46.3441471,13.9218914,False,False,False,False,False,False,False,False,False,False,False,True,False,False,False,False,False,False,False,False,False,False,False,False,False,False,False,False,False,False,False,False,False,False,False,False,False,False,False,False,False,False,False,False,False,False,False,False,False,False,False,False,False,False,False,False,False,False,False,False,True
534,2022-09-18,1.0,3.0,0.0,1.0,0.0,0.0,0.0,0.0,0.0,5.9,5.7,11.0,1.0,18.2,17.1,0.0,0.0,0.0,1.0,46.4245945,14.0445233,False,False,False,False,False,False,False,False,False,False,False,True,False,False,False,False,False,False,False,False,False,False,False,False,False,False,False,False,False,False,False,False,False,False,False,False,False,False,False,False,False,False,False,False,False,False,False,False,False,True,False,False,False,False,False,False,False,True,False,False,False
535,2022-09-18,1.0,3.0,0.0,1.0,0.0,0.0,0.0,0.0,0.0,5.9,5.7,11.0,1.0,18.2,17.1,0.0,0.0,0.0,0.0,46.4245945,14.0445233,False,False,False,False,False,False,False,False,False,False,False,True,False,False,False,False,False,False,False,False,False,False,False,False,False,False,False,False,False,False,False,False,False,False,False,False,False,False,False,False,False,False,False,False,False,False,False,False,False,True,False,False,False,False,False,False,False,True,False,False,False
536,2022-10-15,1.0,3.0,0.0,1.0,0.0,0.0,0.0,0.0,0.0,8.2,7.4,7.3,0.1,0.1,0.0,0.0,0.0,0.0,2.0,46.3441471,13.9218914,False,False,False,False,False,False,False,False,False,False,False,True,False,False,False,False,False,False,False,False,False,False,False,False,False,False,False,False,False,False,False,False,False,False,False,False,False,False,False,False,False,False,False,False,False,False,False,False,False,False,False,False,False,False,False,False,False,True,False,False,False
537,2022-10-26,1.0,0.0,0.0,0.0,0.0,0.0,1.0,0.0,0.0,9.9,8.5,10.8,1.1,13.5,5.8,0.0,0.0,0.0,0.0,46.3441471,13.9218914,False,False,False,False,False,False,False,False,False,False,False,True,False,False,False,False,False,False,False,False,False,False,False,False,False,False,False,False,False,False,False,False,False,False,False,False,False,False,False,False,False,False,False,False,False,False,False,False,False,False,False,False,False,True,False,False,False,True,False,False,False
538,2023-01-28,1.0,3.0,0.0,0.0,0.0,0.0,1.0,0.0,0.0,-9.2,-9.7,-7.8,0.0,0.0,0.0,0.0,0.7,0.0,3.0,46.3753174,13.927526805144028,False,False,False,False,False,False,False,False,False,False,False,True,False,False,False,False,False,False,False,False,False,False,False,False,False,False,False,False,False,False,False,False,False,False,False,False,False,False,False,False,False,False,False,False,False,False,False,False,False,False,False,False,False,False,False,False,False,True,False,False,False
539,2023-01-29,1.0,2.0,0.0,0.0,0.0,0.0,1.0,0.0,0.0,-8.3,-8.6,-8.3,0.0,0.0,0.1,0.0,0.0,1.61,2.0,46.4300415,14.218377594712113,False,False,False,False,False,False,False,False,False,False,False,True,False,False,True,False,False,False,False,False,False,False,False,False,False,False,False,False,False,False,False,False,False,False,False,False,False,False,False,False,False,False,False,False,False,False,False,False,False,False,False,False,False,False,False,False,False,False,False,False,False
540,2023-01-29,1.0,2.0,0.0,0.0,0.0,0.0,1.0,0.0,0.0,-8.3,-8.6,-8.3,0.0,0.0,0.1,0.0,0.0,1.61,0.0,46.4300415,14.218377594712113,False,False,False,False,False,False,False,False,False,False,False,True,False,False,True,False,False,False,False,False,False,False,False,False,False,False,False,False,False,False,False,False,False,False,False,False,False,False,False,False,False,False,False,False,False,False,False,False,False,False,False,False,False,False,False,False,False,False,False,False,False
541,2023-01-29,1.0,2.0,0.0,0.0,0.0,0.0,0.0,0.0,1.0,-9.4,-9.7,-9.3,0.0,0.0,0.1,0.0,0.0,1.61,2.0,46.417787849999996,14.212303935552406,False,False,False,False,False,False,False,False,False,False,False,True,False,False,False,False,False,False,False,False,False,False,False,False,False,False,False,False,False,False,False,False,False,False,False,False,False,False,False,False,False,False,False,False,False,False,False,False,False,True,False,False,False,False,False,False,False,False,False,False,False
542,2023-01-29,1.0,2.0,0.0,0.0,0.0,0.0,0.0,0.0,1.0,-9.4,-9.7,-9.3,0.0,0.0,0.1,0.0,0.0,1.61,0.0,46.417787849999996,14.212303935552406,False,False,False,False,False,False,False,False,False,False,False,True,False,False,False,False,False,False,False,False,False,False,False,False,False,False,False,False,False,False,False,False,False,False,False,False,False,False,False,False,False,False,False,False,False,False,False,False,False,True,False,False,False,False,False,False,False,False,False,False,False
543,2023-05-23,1.0,3.0,0.0,0.0,1.0,0.0,0.0,0.0,0.0,18.2,17.9,17.0,2.4,0.1,0.4,0.0,0.0,0.0,0.0,46.351119,14.126044,False,False,False,False,False,False,False,False,False,False,False,True,False,False,False,False,False,False,False,False,False,False,False,False,False,False,False,False,False,False,False,False,False,False,False,False,False,False,False,False,False,False,False,False,False,False,False,False,False,True,False,False,False,False,False,False,False,False,False,False,True
544,2023-07-16,1.0,2.0,0.0,0.0,0.0,0.0,1.0,0.0,0.0,23.8,22.4,20.1,0.2,0.0,0.0,0.0,0.0,0.0,2.0,46.5,15.06667,False,False,False,False,False,False,False,False,False,False,False,True,False,False,False,False,False,False,False,False,False,False,False,False,False,False,False,False,False,False,False,False,False,False,False,False,False,False,False,False,False,False,False,False,False,False,False,False,False,False,False,False,False,False,False,False,False,False,False,False,True
545,2023-07-19,1.0,2.0,0.0,0.0,0.0,0.0,1.0,0.0,0.0,21.1,21.7,24.1,0.6,7.8,0.2,0.0,0.0,0.0,0.0,46.3570961,14.0746376,False,False,False,False,False,False,False,False,False,False,False,True,False,False,False,False,False,False,False,False,False,False,False,False,False,False,False,False,False,False,False,False,False,False,False,False,False,False,False,False,False,False,False,False,False,False,False,False,False,True,False,False,False,False,False,False,False,False,False,False,True
546,2023-08-23,1.0,3.0,0.0,0.0,0.0,0.0,1.0,0.0,0.0,23.7,23.6,22.6,1.3,0.0,1.6,0.0,0.0,0.0,0.0,46.3575598,14.0810138,False,False,False,False,False,False,False,False,False,False,False,True,False,False,False,False,False,False,False,False,False,False,False,False,False,False,False,False,False,False,False,False,False,False,False,False,False,False,False,False,False,False,False,False,False,False,False,False,False,True,False,False,False,False,False,False,False,False,False,False,True
547,2023-08-23,1.0,3.0,0.0,0.0,0.0,0.0,1.0,0.0,0.0,23.7,23.6,22.6,1.3,0.0,1.6,0.0,0.0,0.0,2.0,46.3575598,14.0810138,False,False,False,False,False,False,False,False,False,False,False,True,False,False,False,False,False,False,False,False,False,False,False,False,False,False,False,False,False,False,False,False,False,False,False,False,False,False,False,False,False,False,False,False,False,False,False,False,False,True,False,False,False,False,False,False,False,False,False,False,True
548,2023-08-23,1.0,2.0,0.0,0.0,0.0,0.0,1.0,0.0,0.0,14.5,15.0,14.5,3.0,0.0,0.0,0.0,0.0,0.0,0.0,46.431334500000006,14.17484676508344,False,False,False,False,False,False,False,False,False,False,False,True,False,False,False,False,False,False,False,False,False,False,False,False,False,False,False,False,False,False,False,False,False,False,False,False,False,False,False,False,False,False,False,False,False,False,False,False,False,False,False,False,False,False,False,False,False,False,False,False,True
549,2023-08-23,1.0,2.0,0.0,0.0,0.0,0.0,1.0,0.0,0.0,14.5,15.0,14.5,3.0,0.0,0.0,0.0,0.0,0.0,2.0,46.431334500000006,14.17484676508344,False,False,False,False,False,False,False,False,False,False,False,True,False,False,False,False,False,False,False,False,False,False,False,False,False,False,False,False,False,False,False,False,False,False,False,False,False,False,False,False,False,False,False,False,False,False,False,False,False,False,False,False,False,False,False,False,False,False,False,False,True
550,2023-09-17,1.0,2.0,0.0,0.0,0.0,0.0,1.0,0.0,0.0,12.4,11.0,10.7,0.4,0.4,0.7,0.0,0.0,0.0,1.0,46.3758036,13.9283894,False,False,False,False,False,False,False,False,False,False,False,True,False,False,False,False,False,False,False,False,False,False,False,False,False,False,False,False,False,False,False,False,False,False,False,False,False,False,False,False,False,False,False,False,False,False,False,False,False,False,False,False,False,False,False,False,False,True,False,False,False
551,2023-09-17,1.0,2.0,0.0,0.0,0.0,0.0,1.0,0.0,0.0,12.4,11.0,10.7,0.4,0.4,0.7,0.0,0.0,0.0,2.0,46.3758036,13.9283894,False,False,False,False,False,False,False,False,False,False,False,True,False,False,False,False,False,False,False,False,False,False,False,False,False,False,False,False,False,False,False,False,False,False,False,False,False,False,False,False,False,False,False,False,False,False,False,False,False,False,False,False,False,False,False,False,False,True,False,False,False
552,2023-09-17,1.0,2.0,0.0,0.0,0.0,0.0,1.0,0.0,0.0,12.4,11.0,10.7,0.4,0.4,0.7,0.0,0.0,0.0,2.0,46.3758036,13.9283894,False,False,False,False,False,False,False,False,False,False,False,True,False,False,False,False,False,False,False,False,False,False,False,False,False,False,False,False,False,False,False,False,False,False,False,False,False,False,False,False,False,False,False,False,False,False,False,False,False,False,False,False,False,False,False,False,False,True,False,False,False
553,2023-09-17,1.0,4.0,0.0,0.0,0.0,0.0,1.0,0.0,0.0,19.2,19.6,20.2,1.5,1.2,0.0,0.0,0.0,0.0,1.0,46.182651,13.732094,False,False,False,False,False,False,False,False,False,False,False,True,False,False,False,False,False,False,False,False,False,False,False,False,False,False,False,False,False,False,False,False,False,False,False,False,False,False,False,False,False,False,False,False,False,False,False,False,False,False,False,False,False,False,False,False,False,True,False,False,False
554,2023-09-17,1.0,4.0,0.0,0.0,0.0,0.0,1.0,0.0,0.0,19.2,19.6,20.2,1.5,1.2,0.0,0.0,0.0,0.0,2.0,46.182651,13.732094,False,False,False,False,False,False,False,False,False,False,False,True,False,False,False,False,False,False,False,False,False,False,False,False,False,False,False,False,False,False,False,False,False,False,False,False,False,False,False,False,False,False,False,False,False,False,False,False,False,False,False,False,False,False,False,False,False,True,False,False,False
555,2023-09-17,1.0,4.0,0.0,0.0,0.0,0.0,1.0,0.0,0.0,19.2,19.6,20.2,1.5,1.2,0.0,0.0,0.0,0.0,2.0,46.182651,13.732094,False,False,False,False,False,False,False,False,False,False,False,True,False,False,False,False,False,False,False,False,False,False,False,False,False,False,False,False,False,False,False,False,False,False,False,False,False,False,False,False,False,False,False,False,False,False,False,False,False,False,False,False,False,False,False,False,False,True,False,False,False
556,2023-09-20,1.0,3.0,0.0,0.0,0.0,0.0,1.0,0.0,0.0,18.5,19.9,20.7,0.1,0.0,0.0,0.0,0.0,0.0,3.0,46.24168,15.4979,False,False,False,False,False,False,False,False,False,False,False,True,False,False,False,False,False,False,False,False,False,False,False,False,False,False,False,False,False,False,False,False,False,False,False,False,False,False,False,False,False,False,False,False,False,False,False,False,False,False,False,False,False,False,False,False,False,True,False,False,False
557,2023-09-27,1.0,1.0,0.0,0.0,0.0,0.0,1.0,0.0,0.0,10.2,10.5,8.0,0.0,0.0,0.0,0.0,0.0,0.0,2.0,46.3753174,13.927526805144028,False,False,False,False,False,False,False,False,False,False,False,True,False,False,False,False,False,False,False,False,False,False,False,False,False,False,False,False,False,False,False,False,False,False,False,False,False,False,False,False,False,False,False,False,False,False,False,False,False,False,False,False,False,False,False,False,False,False,False,False,True
558,2023-10-13,2.0,4.0,0.0,0.0,0.0,0.0,1.0,0.0,0.0,9.2,9.1,8.8,0.0,0.0,0.0,0.0,0.0,0.0,3.0,46.4216784,14.2297565,False,False,False,False,False,False,False,False,False,False,False,True,False,False,False,False,False,False,False,False,False,False,False,False,False,False,False,False,False,False,False,False,False,False,False,False,False,False,False,False,False,False,False,False,False,False,False,False,False,True,False,False,False,False,False,False,False,True,False,False,False
559,2023-10-13,2.0,4.0,0.0,0.0,0.0,0.0,1.0,0.0,0.0,9.2,9.1,8.8,0.0,0.0,0.0,0.0,0.0,0.0,3.0,46.4216784,14.2297565,False,False,False,False,False,False,False,False,False,False,False,True,False,False,False,False,False,False,False,False,False,False,False,False,False,False,False,False,False,False,False,False,False,False,False,False,False,False,False,False,False,False,False,False,False,False,False,False,False,True,False,False,False,False,False,False,False,True,False,False,False
560,2023-10-13,2.0,0.0,0.0,0.0,0.0,0.0,1.0,0.0,0.0,9.2,9.1,8.8,0.0,0.0,0.0,0.0,0.0,0.0,3.0,46.4216784,14.2297565,False,False,False,False,False,False,False,False,False,False,False,True,False,False,False,False,False,False,False,False,False,False,False,True,False,False,False,False,False,False,False,False,False,False,False,False,False,False,False,False,False,False,False,False,False,False,False,False,False,False,False,False,False,False,False,False,False,True,False,False,False
561,2023-10-13,2.0,0.0,0.0,0.0,0.0,0.0,1.0,0.0,0.0,9.2,9.1,8.8,0.0,0.0,0.0,0.0,0.0,0.0,3.0,46.4216784,14.2297565,False,False,False,False,False,False,False,False,False,False,False,True,False,False,False,False,False,False,False,False,False,False,False,True,False,False,False,False,False,False,False,False,False,False,False,False,False,False,False,False,False,False,False,False,False,False,False,False,False,False,False,False,False,False,False,False,False,True,False,False,False
562,2023-11-25,1.0,3.0,0.0,0.0,0.0,0.0,1.0,0.0,0.0,-10.1,-1.2,-3.9,0.0,0.4,0.0,0.07,1.19,0.0,2.0,46.4216784,14.2297565,False,False,False,False,False,False,False,False,False,False,False,True,False,False,False,False,False,False,False,False,False,False,False,False,False,False,False,False,False,False,False,False,False,False,False,False,False,False,False,False,False,False,False,False,False,False,False,False,False,True,False,False,False,False,False,False,False,True,False,False,False
563,2023-11-26,1.0,2.0,0.0,0.0,0.0,0.0,1.0,0.0,0.0,0.2,1.6,4.1,0.0,0.0,3.7,0.77,0.0,0.14,1.0,46.478261,15.706175,False,False,False,False,False,False,False,False,False,False,False,True,False,False,False,False,False,False,False,False,False,False,False,False,False,False,False,False,False,False,False,False,False,False,False,False,False,False,False,False,False,False,False,False,False,False,False,False,False,True,False,False,False,False,False,False,False,False,False,False,True
564,2024-01-19,1.0,2.0,0.0,0.0,0.0,0.0,1.0,0.0,0.0,-3.9,1.8,-1.0,3.8,18.3,6.0,12.39,0.0,0.42,0.0,46.292861099999996,14.182028187700984,False,False,False,False,False,False,False,False,False,False,False,True,False,False,False,False,False,False,False,False,False,False,False,False,False,False,False,False,False,False,False,False,False,False,False,False,False,False,False,False,False,False,False,False,False,False,False,False,False,True,False,False,False,False,False,False,False,True,False,False,False
565,2024-01-24,1.0,1.0,0.0,0.0,0.0,0.0,1.0,0.0,0.0,4.2,4.0,0.8,0.0,0.4,0.0,0.0,0.0,0.0,0.0,45.47194,13.68139,False,False,False,False,False,False,False,False,False,False,False,True,False,False,False,False,False,False,False,False,False,False,False,False,False,False,False,False,False,False,False,False,False,False,False,False,False,False,False,False,False,False,False,False,False,False,False,False,False,False,False,False,False,False,False,False,False,True,False,False,False
566,2024-01-27,1.0,7.0,0.0,0.0,0.0,0.0,1.0,0.0,0.0,-4.0,0.0,-1.2,0.0,0.0,0.3,0.0,0.0,0.0,0.0,46.3806719,14.2526828,False,False,False,False,False,False,False,False,False,False,False,True,False,False,False,False,False,False,False,False,False,False,False,False,False,False,False,False,False,False,False,False,False,False,False,False,False,False,False,False,False,False,False,False,False,False,False,False,False,False,False,False,False,False,False,False,False,True,False,False,False
567,2024-02-16,1.0,2.0,0.0,0.0,0.0,0.0,1.0,0.0,0.0,6.8,6.5,3.7,0.0,0.0,0.0,0.0,0.0,0.0,0.0,46.329864549999996,14.1167135348137,False,False,False,False,False,False,False,False,False,False,False,True,False,False,False,False,False,False,False,False,False,False,False,False,False,False,False,False,False,False,False,False,False,False,False,False,False,False,False,False,False,False,False,False,False,False,False,False,False,True,False,False,False,False,False,False,False,True,False,False,False
568,2024-04-13,1.0,3.0,0.0,0.0,1.0,0.0,0.0,0.0,0.0,15.7,13.4,9.8,0.0,0.0,0.0,0.0,0.0,0.0,0.0,46.40818850047232,14.189620181450717,False,False,False,False,False,False,False,False,False,False,False,True,False,False,False,False,False,False,False,False,False,False,False,False,False,False,False,False,False,False,False,False,False,False,False,False,False,False,False,False,False,False,False,False,False,False,False,False,False,True,False,False,False,False,True,False,False,False,False,False,False
569,2024-05-04,1.0,2.0,0.0,0.0,0.0,0.0,1.0,0.0,0.0,12.9,9.5,11.5,1.1,10.9,9.2,0.0,0.0,0.0,0.0,46.3972226,14.088580751744185,False,False,False,False,False,False,False,False,False,False,False,True,False,False,False,False,False,False,False,False,False,False,False,False,False,False,False,False,False,False,False,False,False,False,False,False,False,False,False,False,False,False,False,False,False,False,False,False,False,False,False,False,False,False,False,False,False,False,False,False,True
570,2024-05-04,1.0,2.0,0.0,0.0,0.0,0.0,1.0,0.0,0.0,12.9,9.5,11.5,1.1,10.9,9.2,0.0,0.0,0.0,2.0,46.3972226,14.088580751744185,False,False,False,False,False,False,False,False,False,False,False,True,False,False,False,False,False,False,False,False,False,False,False,False,False,False,False,False,False,False,False,False,False,False,False,False,False,False,False,False,False,False,False,False,False,False,False,False,False,False,False,False,False,False,False,False,False,False,False,False,True
571,2024-05-04,1.0,3.0,0.0,0.0,0.0,0.0,1.0,0.0,0.0,12.9,9.5,11.5,1.1,10.9,9.2,0.0,0.0,0.0,0.0,46.3972226,14.088580751744185,False,False,False,False,False,False,False,False,False,False,False,True,False,False,False,False,False,False,False,False,False,False,False,False,False,False,False,False,False,False,False,False,False,False,False,False,False,False,False,False,False,False,False,False,False,False,False,False,False,True,False,False,False,False,False,False,False,False,False,False,True
572,2024-05-04,1.0,3.0,0.0,0.0,0.0,0.0,1.0,0.0,0.0,12.9,9.5,11.5,1.1,10.9,9.2,0.0,0.0,0.0,2.0,46.3972226,14.088580751744185,False,False,False,False,False,False,False,False,False,False,False,True,False,False,False,False,False,False,False,False,False,False,False,False,False,False,False,False,False,False,False,False,False,False,False,False,False,False,False,False,False,False,False,False,False,False,False,False,False,True,False,False,False,False,False,False,False,False,False,False,True
573,2024-05-25,2.0,1.0,0.0,0.0,0.0,0.0,1.0,0.0,0.0,16.0,15.1,14.8,0.6,0.9,10.9,0.0,0.0,0.0,0.0,46.20126615,14.596530289349037,False,False,False,False,False,False,False,False,False,False,False,True,False,False,False,False,False,False,False,False,False,False,False,False,False,False,False,False,False,False,False,False,False,False,False,False,False,False,False,False,False,False,False,False,False,False,False,True,False,False,False,False,False,False,False,False,False,False,False,False,True
574,2024-05-25,2.0,1.0,0.0,0.0,0.0,0.0,1.0,0.0,0.0,16.0,15.1,14.8,0.6,0.9,10.9,0.0,0.0,0.0,0.0,46.20126615,14.596530289349037,False,False,False,False,False,False,False,False,False,False,False,True,False,False,False,False,False,False,False,False,False,False,False,False,False,False,False,False,False,False,False,False,False,False,False,False,False,False,False,False,False,False,False,False,False,False,False,True,False,False,False,False,False,False,False,False,False,False,False,False,True
575,2024-05-25,2.0,0.0,0.0,0.0,0.0,0.0,1.0,0.0,0.0,16.0,15.1,14.8,0.6,0.9,10.9,0.0,0.0,0.0,0.0,46.20126615,14.596530289349037,False,False,False,False,False,False,False,False,False,False,False,True,False,False,False,False,False,False,False,False,False,False,False,False,False,False,False,False,False,False,False,False,False,False,False,False,False,False,False,False,False,False,False,False,False,False,False,True,False,False,False,False,False,False,False,False,False,False,False,False,True
576,2024-05-25,2.0,0.0,0.0,0.0,0.0,0.0,1.0,0.0,0.0,16.0,15.1,14.8,0.6,0.9,10.9,0.0,0.0,0.0,0.0,46.20126615,14.596530289349037,False,False,False,False,False,False,False,False,False,False,False,True,False,False,False,False,False,False,False,False,False,False,False,False,False,False,False,False,False,False,False,False,False,False,False,False,False,False,False,False,False,False,False,False,False,False,False,True,False,False,False,False,False,False,False,False,False,False,False,False,True
577,2024-05-29,1.0,2.0,0.0,0.0,0.0,0.0,1.0,0.0,0.0,16.1,16.8,17.1,1.0,19.6,0.0,0.0,0.0,0.0,1.0,46.20126615,14.596530289349037,False,False,False,False,False,False,False,False,False,False,False,True,False,False,False,False,False,False,False,False,False,False,False,False,False,False,False,False,False,False,False,False,False,False,False,False,False,False,False,False,False,False,False,False,False,False,False,False,False,True,False,False,False,False,False,False,False,True,False,False,False
578,2024-06-22,3.0,2.0,0.0,0.0,0.0,0.0,1.0,0.0,0.0,16.4,19.8,19.2,14.0,0.1,0.0,0.0,0.0,0.0,2.0,46.410559,14.2437009,False,False,False,False,False,False,False,False,False,False,False,True,False,False,False,False,False,False,False,False,False,False,False,False,False,False,False,False,False,False,False,False,False,False,False,False,False,False,False,False,False,False,False,False,False,False,False,False,False,True,False,False,False,False,False,False,False,False,False,False,True
579,2024-06-22,3.0,2.0,0.0,0.0,0.0,0.0,1.0,0.0,0.0,16.4,19.8,19.2,14.0,0.1,0.0,0.0,0.0,0.0,2.0,46.410559,14.2437009,False,False,False,False,False,False,False,False,False,False,False,True,False,False,False,False,False,False,False,False,False,False,False,False,False,False,False,False,False,False,False,False,False,False,False,False,False,False,False,False,False,False,False,False,False,False,False,False,False,True,False,False,False,False,False,False,False,False,False,False,True
580,2024-06-22,3.0,2.0,0.0,0.0,0.0,0.0,1.0,0.0,0.0,16.4,19.8,19.2,14.0,0.1,0.0,0.0,0.0,0.0,2.0,46.410559,14.2437009,False,False,False,False,False,False,False,False,False,False,False,True,False,False,False,False,False,False,False,False,False,False,False,False,False,False,False,False,False,False,False,False,False,False,False,False,False,False,False,False,False,False,False,False,False,False,False,False,False,True,False,False,False,False,False,False,False,False,False,False,True
581,2024-06-22,3.0,0.0,0.0,0.0,0.0,0.0,1.0,0.0,0.0,16.4,19.8,19.2,14.0,0.1,0.0,0.0,0.0,0.0,2.0,46.410559,14.2437009,False,False,False,False,False,False,False,False,False,False,False,True,False,False,False,False,False,False,False,False,False,False,True,False,False,False,False,False,False,False,False,False,False,False,False,False,False,False,False,False,False,False,False,False,False,False,False,False,False,False,False,False,False,False,False,False,False,False,False,False,True
582,2024-06-22,3.0,0.0,0.0,0.0,0.0,0.0,1.0,0.0,0.0,16.4,19.8,19.2,14.0,0.1,0.0,0.0,0.0,0.0,2.0,46.410559,14.2437009,False,False,False,False,False,False,False,False,False,False,False,True,False,False,False,False,False,False,False,False,False,False,True,False,False,False,False,False,False,False,False,False,False,False,False,False,False,False,False,False,False,False,False,False,False,False,False,False,False,False,False,False,False,False,False,False,False,False,False,False,True
583,2024-06-22,3.0,0.0,0.0,0.0,0.0,0.0,1.0,0.0,0.0,16.4,19.8,19.2,14.0,0.1,0.0,0.0,0.0,0.0,2.0,46.410559,14.2437009,False,False,False,False,False,False,False,False,False,False,False,True,False,False,False,False,False,False,False,False,False,False,True,False,False,False,False,False,False,False,False,False,False,False,False,False,False,False,False,False,False,False,False,False,False,False,False,False,False,False,False,False,False,False,False,False,False,False,False,False,True
584,2024-06-22,3.0,0.0,0.0,0.0,0.0,0.0,1.0,0.0,0.0,16.4,19.8,19.2,14.0,0.1,0.0,0.0,0.0,0.0,2.0,46.410559,14.2437009,False,False,False,False,False,False,False,False,False,False,False,True,False,False,False,False,False,False,False,False,False,False,False,True,False,False,False,False,False,False,False,False,False,False,False,False,False,False,False,False,False,False,False,False,False,False,False,False,False,False,False,False,False,False,False,False,False,False,False,False,True
585,2024-06-22,3.0,0.0,0.0,0.0,0.0,0.0,1.0,0.0,0.0,16.4,19.8,19.2,14.0,0.1,0.0,0.0,0.0,0.0,2.0,46.410559,14.2437009,False,False,False,False,False,False,False,False,False,False,False,True,False,False,False,False,False,False,False,False,False,False,False,True,False,False,False,False,False,False,False,False,False,False,False,False,False,False,False,False,False,False,False,False,False,False,False,False,False,False,False,False,False,False,False,False,False,False,False,False,True
586,2024-06-22,3.0,0.0,0.0,0.0,0.0,0.0,1.0,0.0,0.0,16.4,19.8,19.2,14.0,0.1,0.0,0.0,0.0,0.0,2.0,46.410559,14.2437009,False,False,False,False,False,False,False,False,False,False,False,True,False,False,False,False,False,False,False,False,False,False,False,True,False,False,False,False,False,False,False,False,False,False,False,False,False,False,False,False,False,False,False,False,False,False,False,False,False,False,False,False,False,False,False,False,False,False,False,False,True
587,2024-07-14,1.0,2.0,0.0,0.0,0.0,0.0,1.0,0.0,0.0,25.1,26.0,26.3,0.7,1.6,0.4,0.0,0.0,0.0,2.0,45.8235809,15.4690735,False,False,False,False,False,False,False,False,False,False,False,True,False,False,False,False,False,False,False,False,False,False,False,False,False,False,False,False,False,False,False,False,False,False,False,False,False,False,False,False,False,False,False,False,False,False,False,False,False,True,False,False,False,False,False,False,True,False,False,False,False
588,2024-08-21,1.0,1.0,0.0,1.0,0.0,0.0,0.0,0.0,0.0,19.8,19.0,18.1,1.4,4.5,10.3,0.0,0.0,0.0,0.0,46.1489611,14.1326472,False,False,False,False,False,False,False,False,False,False,False,True,False,False,False,False,False,False,False,False,False,False,False,False,False,False,False,False,False,False,False,False,False,False,False,False,False,False,False,False,False,False,False,False,False,False,False,False,False,False,False,False,False,False,False,False,False,False,False,False,True
589,2024-08-24,2.0,0.0,0.0,0.0,0.0,0.0,1.0,0.0,0.0,14.9,13.8,10.9,0.0,0.0,0.1,0.0,0.0,0.0,3.0,46.4216784,14.2297565,False,False,False,False,False,False,False,False,False,False,False,True,False,False,False,False,False,False,False,False,False,False,False,False,False,False,False,False,False,False,False,False,False,False,False,False,False,False,False,False,False,False,False,False,False,False,False,True,False,False,False,False,False,False,False,False,False,True,False,False,False
590,2024-08-24,2.0,0.0,0.0,0.0,0.0,0.0,1.0,0.0,0.0,14.9,13.8,10.9,0.0,0.0,0.1,0.0,0.0,0.0,3.0,46.4216784,14.2297565,False,False,False,False,False,False,False,False,False,False,False,True,False,False,False,False,False,False,False,False,False,False,False,False,False,False,False,False,False,False,False,False,False,False,False,False,False,False,False,False,False,False,False,False,False,False,False,True,False,False,False,False,False,False,False,False,False,True,False,False,False
591,2024-08-25,1.0,2.0,0.0,0.0,0.0,1.0,0.0,0.0,0.0,23.1,22.9,21.2,0.0,0.0,0.0,0.0,0.0,0.0,4.0,45.7156615,14.9389038,False,False,False,False,False,False,False,False,False,False,False,True,False,False,False,False,False,False,False,False,False,False,False,False,False,False,False,False,False,False,False,False,False,False,False,False,False,False,False,False,False,False,False,False,False,False,False,False,False,True,False,False,False,False,False,False,True,False,False,False,False
592,2024-10-13,1.0,2.0,0.0,1.0,0.0,0.0,0.0,0.0,0.0,11.1,8.7,10.9,0.7,0.0,1.6,0.0,0.0,0.0,0.0,46.398617146209034,14.092748243536132,False,False,False,False,False,False,False,False,False,False,False,True,False,False,False,False,False,False,False,False,False,False,False,False,False,False,False,False,False,False,False,False,False,False,False,False,False,False,False,False,False,False,False,False,False,False,False,False,False,True,False,False,False,False,False,False,False,False,False,False,True
593,2024-10-20,1.0,2.0,0.0,0.0,0.0,0.0,1.0,0.0,0.0,9.8,9.8,9.2,0.0,0.4,11.2,0.0,0.0,0.0,2.0,46.3942644,14.183803,False,False,False,False,False,False,False,False,False,False,False,True,False,False,False,False,False,False,False,False,False,False,False,False,False,False,False,False,False,False,False,False,False,False,False,False,False,False,False,False,False,False,False,False,False,False,False,False,False,True,False,False,False,False,False,False,False,True,False,False,False
594,2024-10-31,2.0,3.0,0.0,0.0,0.0,0.0,1.0,0.0,0.0,4.9,5.0,5.0,0.0,0.9,0.1,0.0,0.0,0.0,4.0,46.4216784,14.2297565,False,False,False,False,False,False,False,False,False,False,False,True,False,False,False,False,True,False,False,False,False,False,False,False,False,False,False,False,False,False,False,False,False,False,False,False,False,False,False,False,False,False,False,False,False,False,False,False,False,False,False,False,False,False,False,False,True,False,False,False,False
595,2024-10-31,2.0,3.0,0.0,0.0,0.0,0.0,1.0,0.0,0.0,4.9,5.0,5.0,0.0,0.9,0.1,0.0,0.0,0.0,4.0,46.4216784,14.2297565,False,False,False,False,False,False,False,False,False,False,False,True,False,False,False,False,True,False,False,False,False,False,False,False,False,False,False,False,False,False,False,False,False,False,False,False,False,False,False,False,False,False,False,False,False,False,False,False,False,False,False,False,False,False,False,False,True,False,False,False,False
596,2024-12-29,1.0,0.0,0.0,0.0,0.0,0.0,1.0,0.0,0.0,2.1,2.7,-0.7,0.0,0.0,0.0,0.0,0.0,0.0,0.0,46.036696,14.0876521,False,False,False,False,False,False,False,False,False,False,False,True,False,False,False,False,False,False,False,False,False,False,False,False,False,False,False,False,False,False,False,False,False,False,False,False,False,False,False,False,False,False,False,False,False,False,False,False,False,True,False,False,False,False,False,False,False,False,False,False,True
597,2015-03-21,1.0,7.0,0.0,0.0,0.0,0.0,1.0,0.0,0.0,-1.3,-0.8,0.1,0.0,0.0,0.0,0.0,0.0,0.0,7.0,46.1771644,13.9743017,False,False,False,False,False,False,False,False,False,False,False,False,True,False,False,False,False,False,False,False,False,False,False,False,False,False,False,False,False,False,False,False,False,False,False,False,False,False,False,False,False,False,False,False,False,False,False,False,False,False,False,False,False,False,False,False,False,True,False,False,False
598,2017-12-23,1.0,7.0,0.0,0.0,0.0,0.0,0.0,0.0,1.0,-2.1,-4.7,-8.4,0.0,0.0,0.0,0.0,0.0,0.0,0.0,46.2311573,13.9316373,False,False,False,False,False,False,False,False,False,False,False,False,True,False,False,False,False,False,False,False,False,False,False,False,False,False,False,False,False,False,False,False,False,False,False,False,False,False,False,False,False,False,False,False,False,False,False,False,False,True,False,False,False,False,False,False,False,False,False,True,False
599,2019-12-29,1.0,3.0,0.0,0.0,0.0,0.0,1.0,0.0,0.0,-2.6,-1.1,1.3,0.0,0.0,0.7,0.0,0.0,0.0,5.0,46.2662832,13.6589151,False,False,False,False,False,False,False,False,False,False,False,False,True,False,False,False,False,False,False,False,False,False,False,False,False,False,False,False,False,False,False,False,False,False,False,False,False,False,False,False,False,False,False,False,False,False,False,False,False,True,False,False,False,False,False,False,False,True,False,False,False
600,2021-01-08,1.0,0.0,0.0,0.0,0.0,0.0,0.0,0.0,1.0,-2.7,-1.9,-0.8,0.0,0.0,0.0,0.0,1.26,7.63,3.0,46.2662832,13.6589151,False,False,False,False,False,False,False,False,False,False,False,False,True,False,False,False,False,False,False,False,False,False,False,False,False,False,False,False,False,False,False,False,False,False,False,False,False,False,False,False,False,False,False,False,False,False,False,False,False,False,True,False,False,False,False,False,False,True,False,False,False
601,2021-02-15,2.0,4.0,0.0,0.0,0.0,0.0,1.0,0.0,0.0,-2.1,-2.2,-5.6,0.0,0.0,0.0,0.0,0.0,0.0,6.0,46.1687875,14.8728023,False,False,False,False,False,False,False,False,False,False,False,False,True,False,False,False,False,False,False,False,False,False,False,False,False,False,False,False,False,False,False,False,False,False,False,False,False,False,False,False,False,False,False,False,False,False,False,False,False,True,False,False,False,False,False,False,False,True,False,False,False
602,2021-02-15,2.0,4.0,0.0,0.0,0.0,0.0,1.0,0.0,0.0,-2.1,-2.2,-5.6,0.0,0.0,0.0,0.0,0.0,0.0,6.0,46.1687875,14.8728023,False,False,False,False,False,False,False,False,False,False,False,False,True,False,False,False,False,False,False,False,False,False,False,False,False,False,False,False,False,False,False,False,False,False,False,False,False,False,False,False,False,False,False,False,False,False,False,False,False,True,False,False,False,False,False,False,False,True,False,False,False
603,2021-02-15,2.0,4.0,0.0,0.0,0.0,0.0,1.0,0.0,0.0,-2.1,-2.2,-5.6,0.0,0.0,0.0,0.0,0.0,0.0,6.0,46.1687875,14.8728023,False,False,False,False,False,False,False,False,False,False,False,False,True,False,False,False,False,False,False,False,False,False,False,False,False,False,False,False,False,False,False,False,False,False,False,False,False,False,False,False,False,False,False,False,False,False,False,False,False,True,False,False,False,False,False,False,False,True,False,False,False
604,2021-02-15,2.0,4.0,0.0,0.0,0.0,0.0,1.0,0.0,0.0,-2.1,-2.2,-5.6,0.0,0.0,0.0,0.0,0.0,0.0,6.0,46.1687875,14.8728023,False,False,False,False,False,False,False,False,False,False,False,False,True,False,False,False,False,False,False,False,False,False,False,False,False,False,False,False,False,False,False,False,False,False,False,False,False,False,False,False,False,False,False,False,False,False,False,False,False,True,False,False,False,False,False,False,False,True,False,False,False
605,2022-10-15,2.0,0.0,0.0,0.0,0.0,0.0,1.0,0.0,0.0,0.3,0.0,0.6,0.3,0.5,0.4,0.0,0.0,0.0,0.0,46.4247004,13.7697143,False,False,False,False,False,False,False,False,False,False,False,False,True,False,False,False,False,False,False,False,False,False,False,False,False,False,False,False,False,False,False,False,False,False,False,False,False,False,False,False,False,False,False,False,False,False,False,False,False,False,False,False,False,True,False,False,False,False,False,False,True
606,2022-10-15,2.0,0.0,0.0,0.0,0.0,0.0,1.0,0.0,0.0,0.3,0.0,0.6,0.3,0.5,0.4,0.0,0.0,0.0,0.0,46.4247004,13.7697143,False,False,False,False,False,False,False,False,False,False,False,False,True,False,False,False,False,False,False,False,False,False,False,False,False,False,False,False,False,False,False,False,False,False,False,False,False,False,False,False,False,False,False,False,False,False,False,False,False,False,False,False,False,True,False,False,False,False,False,False,True
607,2022-10-18,2.0,0.0,0.0,0.0,0.0,1.0,0.0,0.0,0.0,7.2,5.3,4.5,0.0,0.0,0.1,0.0,0.0,0.0,0.0,46.443453,13.653871,False,False,False,False,False,False,False,False,False,False,False,False,True,False,False,False,False,False,False,False,False,False,False,False,False,False,False,False,False,False,False,False,False,False,False,False,False,False,False,False,False,False,False,False,False,False,False,False,False,False,False,False,False,True,False,False,True,False,False,False,False
608,2022-10-18,2.0,0.0,0.0,0.0,0.0,1.0,0.0,0.0,0.0,7.2,5.3,4.5,0.0,0.0,0.1,0.0,0.0,0.0,0.0,46.443453,13.653871,False,False,False,False,False,False,False,False,False,False,False,False,True,False,False,False,False,False,False,False,False,False,False,False,False,False,False,False,False,False,False,False,False,False,False,False,False,False,False,False,False,False,False,False,False,False,False,False,False,False,False,False,False,True,False,False,True,False,False,False,False
609,2023-11-12,1.0,3.0,0.0,0.0,0.0,0.0,1.0,0.0,0.0,4.9,5.7,7.4,1.3,10.5,31.0,0.0,0.56,0.0,0.0,46.0279831,13.6198161,False,False,False,False,False,False,False,False,False,False,False,False,True,False,False,False,False,False,False,False,False,False,False,False,False,False,False,False,False,False,False,False,False,False,False,False,False,False,False,False,False,False,False,False,False,False,False,False,False,True,False,False,False,False,False,False,False,True,False,False,False
610,2023-12-10,1.0,2.0,0.0,0.0,0.0,0.0,1.0,0.0,0.0,4.7,2.9,2.4,2.3,0.5,0.9,1.12,0.98,0.56,0.0,46.0932003,13.8389364,False,False,False,False,False,False,False,False,False,False,False,False,True,False,False,False,False,False,False,False,False,False,False,False,False,False,False,False,False,False,False,False,False,False,False,False,False,False,False,False,False,False,False,False,False,False,False,False,False,True,False,False,False,False,False,False,True,False,False,False,False
611,2024-01-10,1.0,7.0,0.0,0.0,0.0,0.0,1.0,0.0,0.0,-3.2,-2.5,-0.8,0.0,0.0,0.0,0.0,0.0,0.14,9.0,46.2662832,13.6589151,False,False,False,False,False,False,False,False,False,False,False,False,True,False,False,False,False,False,False,False,False,False,False,False,False,False,False,False,False,False,False,False,False,False,False,False,False,False,False,False,False,False,False,False,False,False,False,False,False,True,False,False,False,False,False,False,True,False,False,False,False
612,2024-07-07,1.0,3.0,0.0,0.0,0.0,1.0,0.0,0.0,0.0,18.7,18.3,17.3,2.9,0.3,0.0,0.0,0.0,0.0,4.0,46.2031894,13.9362676,False,False,False,False,False,False,False,False,False,False,False,False,True,False,False,False,False,False,False,False,False,False,False,False,False,False,False,False,False,False,False,False,False,False,False,False,False,False,False,False,False,False,False,False,False,False,False,False,False,True,False,False,False,False,False,False,True,False,False,False,False
613,2024-08-13,1.0,1.0,0.0,0.0,0.0,1.0,0.0,0.0,0.0,26.0,26.4,25.5,0.0,0.0,0.0,0.0,0.0,0.0,2.0,46.57389,15.03278,False,False,False,False,False,False,False,False,False,False,False,False,True,False,False,False,False,False,False,False,False,False,False,False,False,False,False,False,False,False,False,False,False,False,False,False,False,False,False,False,False,False,False,False,False,False,False,False,False,False,False,False,False,True,False,False,False,True,False,False,False
614,2024-08-13,1.0,1.0,0.0,0.0,0.0,1.0,0.0,0.0,0.0,26.0,26.4,25.5,0.0,0.0,0.0,0.0,0.0,0.0,2.0,46.57389,15.03278,False,False,False,False,False,False,False,False,False,False,False,False,True,False,False,False,False,False,False,False,False,False,False,False,False,False,False,False,False,False,False,False,False,False,False,False,False,False,False,False,False,False,False,False,False,False,False,False,False,False,False,False,False,True,False,False,False,True,False,False,False
615,2024-10-27,1.0,7.0,0.0,0.0,0.0,0.0,1.0,0.0,0.0,10.6,10.4,9.1,0.0,9.4,0.8,0.0,0.0,0.0,4.0,46.23627,13.77914,False,False,False,False,False,False,False,False,False,False,False,False,True,False,False,False,False,False,False,False,False,False,False,False,False,False,False,False,False,False,False,False,False,False,False,False,False,False,False,False,False,False,False,False,False,False,False,False,False,True,False,False,False,False,False,False,False,False,False,False,True
616,2014-04-23,2.0,7.0,0.0,0.0,0.0,0.0,1.0,0.0,0.0,2.7,3.1,1.3,3.5,0.2,4.2,0.0,0.0,0.0,6.0,46.3502354,14.4047511,False,False,False,False,False,False,False,False,False,False,False,False,False,True,False,False,False,False,False,False,False,False,False,False,False,False,False,False,False,False,False,False,False,False,False,False,False,False,False,False,False,False,False,False,False,False,False,False,False,True,False,False,False,False,False,False,True,False,False,False,False
617,2014-04-23,2.0,7.0,0.0,0.0,0.0,0.0,1.0,0.0,0.0,2.7,3.1,1.3,3.5,0.2,4.2,0.0,0.0,0.0,6.0,46.3502354,14.4047511,False,False,False,False,False,False,False,False,False,False,False,False,False,True,False,False,False,False,False,False,False,False,False,False,False,False,False,False,False,False,False,False,False,False,False,False,False,False,False,False,False,False,False,False,False,False,False,False,False,True,False,False,False,False,False,False,True,False,False,False,False
618,2014-04-23,2.0,0.0,0.0,0.0,0.0,0.0,1.0,0.0,0.0,2.7,3.1,1.3,3.5,0.2,4.2,0.0,0.0,0.0,6.0,46.3502354,14.4047511,False,False,False,False,False,False,False,False,False,False,False,False,False,True,False,False,False,False,False,False,False,False,False,False,False,False,False,False,False,False,False,False,False,False,False,False,False,False,False,False,False,False,False,False,False,True,False,False,False,False,False,False,False,False,False,False,True,False,False,False,False
619,2014-04-23,2.0,0.0,0.0,0.0,0.0,0.0,1.0,0.0,0.0,2.7,3.1,1.3,3.5,0.2,4.2,0.0,0.0,0.0,6.0,46.3502354,14.4047511,False,False,False,False,False,False,False,False,False,False,False,False,False,True,False,False,False,False,False,False,False,False,False,False,False,False,False,False,False,False,False,False,False,False,False,False,False,False,False,False,False,False,False,False,False,True,False,False,False,False,False,False,False,False,False,False,True,False,False,False,False
620,2014-07-26,1.0,4.0,0.0,0.0,0.0,0.0,1.0,0.0,0.0,9.1,9.5,9.4,12.6,2.3,0.2,0.0,0.0,0.0,15.0,46.3502354,14.4047511,False,False,False,False,False,False,False,False,False,False,False,False,False,True,False,False,False,False,False,False,False,False,False,False,False,False,False,False,False,False,False,False,False,False,False,False,False,False,False,False,False,False,False,False,False,False,False,False,False,True,False,False,False,False,False,False,False,True,False,False,False
621,2014-08-20,1.0,7.0,0.0,0.0,0.0,1.0,0.0,0.0,0.0,7.5,7.4,7.8,15.4,4.4,0.0,0.0,0.0,0.0,5.0,46.4216784,14.2297565,False,False,False,False,False,False,False,False,False,False,False,False,False,True,False,False,False,False,False,False,False,False,False,False,False,False,False,False,False,False,False,False,False,False,False,False,False,False,False,False,False,False,False,False,False,False,False,False,False,True,False,False,False,False,False,False,True,False,False,False,False
622,2016-03-19,1.0,2.0,0.0,0.0,0.0,0.0,0.0,0.0,1.0,0.4,-0.1,-2.2,0.0,0.0,0.0,0.0,0.0,0.0,0.0,46.428416611066716,14.23724821921019,False,False,False,False,False,False,False,False,False,False,False,False,False,True,False,False,False,False,False,False,False,False,False,False,False,False,False,False,False,False,False,False,False,False,False,False,False,False,False,False,False,False,False,False,False,False,False,False,False,True,False,False,False,False,False,False,True,False,False,False,False
623,2016-03-19,1.0,2.0,0.0,0.0,0.0,0.0,0.0,0.0,1.0,0.4,-0.1,-2.2,0.0,0.0,0.0,0.0,0.0,0.0,4.0,46.428416611066716,14.23724821921019,False,False,False,False,False,False,False,False,False,False,False,False,False,True,False,False,False,False,False,False,False,False,False,False,False,False,False,False,False,False,False,False,False,False,False,False,False,False,False,False,False,False,False,False,False,False,False,False,False,True,False,False,False,False,False,False,True,False,False,False,False
624,2017-09-28,1.0,0.0,0.0,0.0,0.0,0.0,1.0,0.0,0.0,3.4,4.7,2.8,0.0,5.3,3.2,0.0,0.0,0.0,0.0,46.3502354,14.4047511,False,False,False,False,False,False,False,False,False,False,False,False,False,True,False,False,False,False,False,False,False,False,False,False,False,False,False,False,False,False,False,False,False,False,False,False,False,False,False,False,False,False,False,False,False,False,False,False,False,False,False,False,False,True,False,False,False,True,False,False,False
625,2017-10-14,1.0,3.0,0.0,0.0,0.0,0.0,1.0,0.0,0.0,10.1,9.3,8.5,0.0,0.0,0.1,0.0,0.0,0.0,1.0,46.428416611066716,14.23724821921019,False,False,False,False,False,False,False,False,False,False,False,False,False,True,False,False,False,False,False,False,False,False,False,False,False,False,False,False,False,False,False,False,False,False,False,False,False,False,False,False,False,False,False,False,False,False,False,False,False,True,False,False,False,False,False,False,True,False,False,False,False
626,2019-02-23,1.0,5.0,0.0,0.0,0.0,1.0,0.0,0.0,0.0,-10.5,-0.7,0.8,0.0,0.2,0.1,0.0,0.0,0.0,2.0,46.35383450971988,14.404349062749747,False,False,False,False,False,False,False,False,False,False,False,False,False,True,False,False,False,False,False,False,False,False,False,False,False,False,False,False,False,False,False,False,False,False,False,False,False,False,False,False,False,False,False,False,False,False,False,False,False,True,False,False,False,False,False,False,False,True,False,False,False
627,2019-04-15,2.0,5.0,0.0,0.0,0.0,1.0,0.0,0.0,0.0,-0.1,-2.9,-2.9,0.9,0.8,0.3,0.35,0.49,0.14,2.0,46.354492,14.6426633,False,False,False,False,False,False,False,False,False,False,False,False,False,True,False,False,False,False,False,False,False,False,False,False,False,False,False,False,False,False,False,False,False,False,False,False,False,False,False,False,False,False,False,False,False,False,False,False,False,True,False,False,False,False,False,False,True,False,False,False,False
628,2019-04-15,2.0,5.0,0.0,0.0,0.0,1.0,0.0,0.0,0.0,-0.1,-2.9,-2.9,0.9,0.8,0.3,0.35,0.49,0.14,2.0,46.354492,14.6426633,False,False,False,False,False,False,False,False,False,False,False,False,False,True,False,False,False,False,False,False,False,False,False,False,False,False,False,False,False,False,False,False,False,False,False,False,False,False,False,False,False,False,False,False,False,False,False,False,False,True,False,False,False,False,False,False,True,False,False,False,False
629,2019-04-15,2.0,0.0,0.0,0.0,0.0,1.0,0.0,0.0,0.0,-0.1,-2.9,-2.9,0.9,0.8,0.3,0.35,0.49,0.14,2.0,46.354492,14.6426633,False,False,False,False,False,False,False,False,False,False,False,False,False,True,False,False,False,False,False,False,False,False,False,False,False,False,False,False,False,False,False,False,False,False,False,False,False,False,False,False,False,False,False,False,False,False,True,False,False,False,False,False,False,False,False,False,False,False,False,False,True
630,2019-04-15,2.0,0.0,0.0,0.0,0.0,1.0,0.0,0.0,0.0,-0.1,-2.9,-2.9,0.9,0.8,0.3,0.35,0.49,0.14,2.0,46.354492,14.6426633,False,False,False,False,False,False,False,False,False,False,False,False,False,True,False,False,False,False,False,False,False,False,False,False,False,False,False,False,False,False,False,False,False,False,False,False,False,False,False,False,False,False,False,False,False,False,True,False,False,False,False,False,False,False,False,False,False,False,False,False,True
631,2021-02-13,4.0,7.0,0.0,0.0,0.0,0.0,0.0,1.0,0.0,-19.7,-19.0,-11.6,0.0,0.0,0.1,0.0,0.0,1.12,8.0,46.3502354,14.4047511,False,False,False,False,False,False,False,False,False,False,False,False,False,True,False,False,False,False,False,False,False,False,False,False,False,False,False,False,False,False,False,False,False,False,False,False,False,False,False,False,False,False,False,False,False,False,False,False,False,False,True,False,False,False,False,False,False,False,False,False,False
632,2021-02-13,4.0,7.0,0.0,0.0,0.0,0.0,0.0,1.0,0.0,-19.7,-19.0,-11.6,0.0,0.0,0.1,0.0,0.0,1.12,8.0,46.3502354,14.4047511,False,False,False,False,False,False,False,False,False,False,False,False,False,True,False,False,False,False,False,False,False,False,False,False,False,False,False,False,False,False,False,False,False,False,False,False,False,False,False,False,False,False,False,False,False,False,False,False,False,False,True,False,False,False,False,False,False,False,False,False,False
633,2021-02-13,4.0,7.0,0.0,0.0,0.0,0.0,0.0,1.0,0.0,-19.7,-19.0,-11.6,0.0,0.0,0.1,0.0,0.0,1.12,8.0,46.3502354,14.4047511,False,False,False,False,False,False,False,False,False,False,False,False,False,True,False,False,False,False,False,False,False,False,False,False,False,False,False,False,False,False,False,False,False,False,False,False,False,False,False,False,False,False,False,False,False,False,False,False,False,False,True,False,False,False,False,False,False,False,False,False,False
634,2021-02-13,4.0,7.0,0.0,0.0,0.0,0.0,0.0,1.0,0.0,-19.7,-19.0,-11.6,0.0,0.0,0.1,0.0,0.0,1.12,8.0,46.3502354,14.4047511,False,False,False,False,False,False,False,False,False,False,False,False,False,True,False,False,False,False,False,False,False,False,False,False,False,False,False,False,False,False,False,False,False,False,False,False,False,False,False,False,False,False,False,False,False,False,False,False,False,False,True,False,False,False,False,False,False,False,False,False,False
635,2021-02-13,4.0,1.0,0.0,0.0,0.0,0.0,0.0,1.0,0.0,-19.7,-19.0,-11.6,0.0,0.0,0.1,0.0,0.0,1.12,8.0,46.3502354,14.4047511,False,False,False,False,False,False,False,False,False,False,False,False,False,True,False,False,False,False,False,False,False,False,False,False,False,False,False,False,False,False,False,False,False,False,False,False,False,False,False,False,False,False,False,False,False,False,False,False,False,False,True,False,False,False,False,False,False,False,False,True,False
636,2021-02-13,4.0,1.0,0.0,0.0,0.0,0.0,0.0,1.0,0.0,-19.7,-19.0,-11.6,0.0,0.0,0.1,0.0,0.0,1.12,8.0,46.3502354,14.4047511,False,False,False,False,False,False,False,False,False,False,False,False,False,True,False,False,False,False,False,False,False,False,False,False,False,False,False,False,False,False,False,False,False,False,False,False,False,False,False,False,False,False,False,False,False,False,False,False,False,False,True,False,False,False,False,False,False,False,False,True,False
637,2021-02-13,4.0,1.0,0.0,0.0,0.0,0.0,0.0,1.0,0.0,-19.7,-19.0,-11.6,0.0,0.0,0.1,0.0,0.0,1.12,8.0,46.3502354,14.4047511,False,False,False,False,False,False,False,False,False,False,False,False,False,True,False,False,False,False,False,False,False,False,False,False,False,False,False,False,False,False,False,False,False,False,False,False,False,False,False,False,False,False,False,False,False,False,False,False,False,False,True,False,False,False,False,False,False,False,False,True,False
638,2021-02-13,4.0,1.0,0.0,0.0,0.0,0.0,0.0,1.0,0.0,-19.7,-19.0,-11.6,0.0,0.0,0.1,0.0,0.0,1.12,8.0,46.3502354,14.4047511,False,False,False,False,False,False,False,False,False,False,False,False,False,True,False,False,False,False,False,False,False,False,False,False,False,False,False,False,False,False,False,False,False,False,False,False,False,False,False,False,False,False,False,False,False,False,False,False,False,False,True,False,False,False,False,False,False,False,False,True,False
639,2021-02-13,4.0,3.0,0.0,0.0,0.0,0.0,0.0,1.0,0.0,-19.7,-19.0,-11.6,0.0,0.0,0.1,0.0,0.0,1.12,8.0,46.3502354,14.4047511,False,False,False,False,False,False,False,False,False,False,False,False,False,True,False,False,False,False,False,False,False,False,False,False,False,False,False,False,False,False,False,False,False,False,False,False,False,False,False,False,False,False,False,False,False,False,False,False,False,False,True,False,False,False,False,False,False,False,False,True,False
640,2021-02-13,4.0,3.0,0.0,0.0,0.0,0.0,0.0,1.0,0.0,-19.7,-19.0,-11.6,0.0,0.0,0.1,0.0,0.0,1.12,8.0,46.3502354,14.4047511,False,False,False,False,False,False,False,False,False,False,False,False,False,True,False,False,False,False,False,False,False,False,False,False,False,False,False,False,False,False,False,False,False,False,False,False,False,False,False,False,False,False,False,False,False,False,False,False,False,False,True,False,False,False,False,False,False,False,False,True,False
641,2021-02-13,4.0,3.0,0.0,0.0,0.0,0.0,0.0,1.0,0.0,-19.7,-19.0,-11.6,0.0,0.0,0.1,0.0,0.0,1.12,8.0,46.3502354,14.4047511,False,False,False,False,False,False,False,False,False,False,False,False,False,True,False,False,False,False,False,False,False,False,False,False,False,False,False,False,False,False,False,False,False,False,False,False,False,False,False,False,False,False,False,False,False,False,False,False,False,False,True,False,False,False,False,False,False,False,False,True,False
642,2021-02-13,4.0,3.0,0.0,0.0,0.0,0.0,0.0,1.0,0.0,-19.7,-19.0,-11.6,0.0,0.0,0.1,0.0,0.0,1.12,8.0,46.3502354,14.4047511,False,False,False,False,False,False,False,False,False,False,False,False,False,True,False,False,False,False,False,False,False,False,False,False,False,False,False,False,False,False,False,False,False,False,False,False,False,False,False,False,False,False,False,False,False,False,False,False,False,False,True,False,False,False,False,False,False,False,False,True,False
643,2021-02-13,2.0,7.0,0.0,0.0,0.0,0.0,0.0,1.0,0.0,-19.7,-19.0,-11.6,0.0,0.0,0.1,0.0,0.0,1.12,6.0,46.3502354,14.4047511,False,False,False,False,False,False,False,False,False,False,False,False,False,True,False,False,False,False,False,False,False,False,False,False,False,False,False,False,False,False,False,False,False,False,False,False,False,False,False,False,False,False,False,False,False,False,False,False,False,False,True,False,False,False,False,False,False,False,False,False,False
644,2021-02-13,2.0,7.0,0.0,0.0,0.0,0.0,0.0,1.0,0.0,-19.7,-19.0,-11.6,0.0,0.0,0.1,0.0,0.0,1.12,6.0,46.3502354,14.4047511,False,False,False,False,False,False,False,False,False,False,False,False,False,True,False,False,False,False,False,False,False,False,False,False,False,False,False,False,False,False,False,False,False,False,False,False,False,False,False,False,False,False,False,False,False,False,False,False,False,False,True,False,False,False,False,False,False,False,False,False,False
645,2021-02-13,2.0,5.0,0.0,0.0,0.0,0.0,0.0,1.0,0.0,-19.7,-19.0,-11.6,0.0,0.0,0.1,0.0,0.0,1.12,6.0,46.3502354,14.4047511,False,False,False,False,False,False,False,False,False,False,False,False,False,True,False,False,False,False,False,False,False,False,False,False,False,False,False,False,False,False,False,False,False,False,False,False,False,False,False,False,False,False,False,False,False,False,False,False,False,False,True,False,False,False,False,False,False,False,False,False,False
646,2021-02-13,2.0,5.0,0.0,0.0,0.0,0.0,0.0,1.0,0.0,-19.7,-19.0,-11.6,0.0,0.0,0.1,0.0,0.0,1.12,6.0,46.3502354,14.4047511,False,False,False,False,False,False,False,False,False,False,False,False,False,True,False,False,False,False,False,False,False,False,False,False,False,False,False,False,False,False,False,False,False,False,False,False,False,False,False,False,False,False,False,False,False,False,False,False,False,False,True,False,False,False,False,False,False,False,False,False,False
647,2022-07-31,1.0,3.0,0.0,0.0,0.0,0.0,1.0,0.0,0.0,11.4,10.1,12.5,0.0,10.3,3.1,0.0,0.0,0.0,3.0,46.4464282,14.4101188,False,False,False,False,False,False,False,False,False,False,False,False,False,True,False,False,False,False,False,False,False,False,False,False,False,False,False,False,False,False,False,False,False,False,False,False,False,False,False,False,False,False,False,False,False,False,False,False,False,True,False,False,False,False,False,False,True,False,False,False,False
648,2024-01-14,1.0,2.0,0.0,0.0,0.0,1.0,0.0,0.0,0.0,-5.9,-7.1,-9.1,0.0,0.0,0.0,0.0,0.0,0.0,2.0,46.42417307237095,14.23901247594338,False,False,False,False,False,False,False,False,False,False,False,False,False,True,False,False,False,False,False,False,False,False,False,False,False,False,False,False,False,False,False,False,False,False,False,False,False,False,False,False,False,False,False,False,False,False,False,False,False,True,False,False,False,False,False,False,False,True,False,False,False
649,2024-01-14,1.0,2.0,0.0,0.0,0.0,1.0,0.0,0.0,0.0,-5.9,-7.1,-9.1,0.0,0.0,0.0,0.0,0.0,0.0,0.0,46.42417307237095,14.23901247594338,False,False,False,False,False,False,False,False,False,False,False,False,False,True,False,False,False,False,False,False,False,False,False,False,False,False,False,False,False,False,False,False,False,False,False,False,False,False,False,False,False,False,False,False,False,False,False,False,False,True,False,False,False,False,False,False,False,True,False,False,False
650,2024-01-14,1.0,2.0,0.0,0.0,0.0,1.0,0.0,0.0,0.0,-5.9,-7.1,-9.1,0.0,0.0,0.0,0.0,0.0,0.0,2.0,46.42417307237095,14.23901247594338,False,False,False,False,False,False,False,False,False,False,False,False,False,True,False,False,False,False,False,False,False,False,False,False,False,False,False,False,False,False,False,False,False,False,False,False,False,False,False,False,False,False,False,False,False,False,False,False,False,True,False,False,False,False,False,False,False,True,False,False,False
651,2024-01-14,1.0,2.0,0.0,1.0,0.0,0.0,0.0,0.0,0.0,3.7,1.0,1.2,1.3,0.0,0.0,0.0,0.0,0.0,2.0,45.8868593,13.862671058847678,False,False,False,False,False,False,False,False,False,False,False,False,False,True,False,False,False,False,False,False,False,False,False,False,False,False,False,False,False,False,False,False,False,False,False,False,False,False,False,False,False,False,False,True,False,False,False,False,False,False,False,False,False,False,False,False,False,False,False,False,True
652,2024-01-14,1.0,2.0,0.0,1.0,0.0,0.0,0.0,0.0,0.0,3.7,1.0,1.2,1.3,0.0,0.0,0.0,0.0,0.0,0.0,45.8868593,13.862671058847678,False,False,False,False,False,False,False,False,False,False,False,False,False,True,False,False,False,False,False,False,False,False,False,False,False,False,False,False,False,False,False,False,False,False,False,False,False,False,False,False,False,False,False,True,False,False,False,False,False,False,False,False,False,False,False,False,False,False,False,False,True
653,2024-01-14,1.0,2.0,0.0,1.0,0.0,0.0,0.0,0.0,0.0,3.7,1.0,1.2,1.3,0.0,0.0,0.0,0.0,0.0,2.0,45.8868593,13.862671058847678,False,False,False,False,False,False,False,False,False,False,False,False,False,True,False,False,False,False,False,False,False,False,False,False,False,False,False,False,False,False,False,False,False,False,False,False,False,False,False,False,False,False,False,True,False,False,False,False,False,False,False,False,False,False,False,False,False,False,False,False,True
654,2024-01-14,1.0,3.0,0.0,1.0,0.0,0.0,0.0,0.0,0.0,3.7,1.0,1.2,1.3,0.0,0.0,0.0,0.0,0.0,2.0,45.8868593,13.862671058847678,False,False,False,False,False,False,False,False,False,False,False,False,False,True,False,False,False,False,False,False,False,False,False,False,True,False,False,False,False,False,False,False,False,False,False,False,False,False,False,False,False,False,False,False,False,False,False,False,False,False,False,False,False,False,False,False,False,False,False,False,True
655,2024-01-14,1.0,3.0,0.0,1.0,0.0,0.0,0.0,0.0,0.0,3.7,1.0,1.2,1.3,0.0,0.0,0.0,0.0,0.0,0.0,45.8868593,13.862671058847678,False,False,False,False,False,False,False,False,False,False,False,False,False,True,False,False,False,False,False,False,False,False,False,False,True,False,False,False,False,False,False,False,False,False,False,False,False,False,False,False,False,False,False,False,False,False,False,False,False,False,False,False,False,False,False,False,False,False,False,False,True
656,2024-01-14,1.0,3.0,0.0,1.0,0.0,0.0,0.0,0.0,0.0,3.7,1.0,1.2,1.3,0.0,0.0,0.0,0.0,0.0,2.0,45.8868593,13.862671058847678,False,False,False,False,False,False,False,False,False,False,False,False,False,True,False,False,False,False,False,False,False,False,False,False,True,False,False,False,False,False,False,False,False,False,False,False,False,False,False,False,False,False,False,False,False,False,False,False,False,False,False,False,False,False,False,False,False,False,False,False,True
657,2024-01-28,1.0,2.0,0.0,0.0,0.0,0.0,0.0,0.0,1.0,-2.1,-4.1,2.2,0.0,0.0,0.0,0.0,0.0,0.0,0.0,46.428416611066716,14.23724821921019,False,False,False,False,False,False,False,False,False,False,False,False,False,True,False,False,False,False,False,False,False,False,False,False,False,False,False,False,False,False,False,False,False,False,False,False,False,False,False,False,False,False,False,False,False,False,False,False,False,True,False,False,False,False,False,False,False,True,False,False,False
658,2024-01-28,1.0,2.0,0.0,0.0,0.0,0.0,0.0,0.0,1.0,-2.1,-4.1,2.2,0.0,0.0,0.0,0.0,0.0,0.0,2.0,46.428416611066716,14.23724821921019,False,False,False,False,False,False,False,False,False,False,False,False,False,True,False,False,False,False,False,False,False,False,False,False,False,False,False,False,False,False,False,False,False,False,False,False,False,False,False,False,False,False,False,False,False,False,False,False,False,True,False,False,False,False,False,False,False,True,False,False,False
659,2024-01-28,1.0,3.0,0.0,0.0,0.0,0.0,1.0,0.0,0.0,-2.7,-2.2,3.2,0.0,0.0,0.0,0.0,0.0,0.0,0.0,46.3516582,14.3323181,False,False,False,False,False,False,False,False,False,False,False,False,False,True,False,False,False,False,False,False,False,False,False,False,False,False,False,False,False,False,False,False,False,False,False,False,False,False,False,False,False,False,False,False,False,False,False,False,False,True,False,False,False,False,False,False,False,False,False,False,True
660,2024-01-28,1.0,3.0,0.0,0.0,0.0,0.0,1.0,0.0,0.0,-2.7,-2.2,3.2,0.0,0.0,0.0,0.0,0.0,0.0,2.0,46.3516582,14.3323181,False,False,False,False,False,False,False,False,False,False,False,False,False,True,False,False,False,False,False,False,False,False,False,False,False,False,False,False,False,False,False,False,False,False,False,False,False,False,False,False,False,False,False,False,False,False,False,False,False,True,False,False,False,False,False,False,False,False,False,False,True
661,2024-03-17,1.0,2.0,0.0,0.0,0.0,0.0,1.0,0.0,0.0,3.7,3.1,4.5,0.1,4.9,0.2,0.0,0.14,0.0,4.0,46.3516582,14.3323181,False,False,False,False,False,False,False,False,False,False,False,False,False,True,False,False,False,False,False,False,False,False,False,False,False,False,False,False,False,False,False,False,False,False,False,False,False,False,False,False,False,False,False,False,False,False,False,False,False,False,False,False,False,False,False,False,False,True,False,False,False
662,2024-06-16,4.0,0.0,0.0,0.0,0.0,1.0,0.0,0.0,0.0,7.6,7.3,4.4,2.6,0.9,0.1,0.0,0.0,0.0,0.0,46.3502354,14.4047511,False,False,False,False,False,False,False,False,False,False,False,False,False,True,False,False,False,False,False,False,False,False,False,False,False,False,False,False,False,False,False,False,False,False,False,False,False,False,False,False,False,False,False,False,False,False,False,False,False,False,False,False,False,True,False,False,False,False,False,False,True
663,2024-06-16,4.0,0.0,0.0,0.0,0.0,1.0,0.0,0.0,0.0,7.6,7.3,4.4,2.6,0.9,0.1,0.0,0.0,0.0,0.0,46.3502354,14.4047511,False,False,False,False,False,False,False,False,False,False,False,False,False,True,False,False,False,False,False,False,False,False,False,False,False,False,False,False,False,False,False,False,False,False,False,False,False,False,False,False,False,False,False,False,False,False,False,False,False,False,False,False,False,True,False,False,False,False,False,False,True
664,2024-06-16,4.0,0.0,0.0,0.0,0.0,1.0,0.0,0.0,0.0,7.6,7.3,4.4,2.6,0.9,0.1,0.0,0.0,0.0,0.0,46.3502354,14.4047511,False,False,False,False,False,False,False,False,False,False,False,False,False,True,False,False,False,False,False,False,False,False,False,False,False,False,False,False,False,False,False,False,False,False,False,False,False,False,False,False,False,False,False,False,False,False,False,False,False,False,False,False,False,True,False,False,False,False,False,False,True
665,2024-06-16,4.0,0.0,0.0,0.0,0.0,1.0,0.0,0.0,0.0,7.6,7.3,4.4,2.6,0.9,0.1,0.0,0.0,0.0,0.0,46.3502354,14.4047511,False,False,False,False,False,False,False,False,False,False,False,False,False,True,False,False,False,False,False,False,False,False,False,False,False,False,False,False,False,False,False,False,False,False,False,False,False,False,False,False,False,False,False,False,False,False,False,False,False,False,False,False,False,True,False,False,False,False,False,False,True
666,2024-06-16,4.0,0.0,0.0,0.0,0.0,1.0,0.0,0.0,0.0,16.0,14.4,12.4,1.7,0.0,0.0,0.0,0.0,0.0,0.0,46.36675852615597,14.33889440801975,False,False,False,False,False,False,False,False,False,False,False,False,False,True,False,False,False,False,False,False,False,False,False,False,False,False,False,False,False,False,False,False,False,False,False,False,False,False,False,False,False,False,False,False,False,False,False,False,False,False,False,False,False,True,False,False,False,False,False,False,True
667,2024-06-16,4.0,0.0,0.0,0.0,0.0,1.0,0.0,0.0,0.0,16.0,14.4,12.4,1.7,0.0,0.0,0.0,0.0,0.0,0.0,46.36675852615597,14.33889440801975,False,False,False,False,False,False,False,False,False,False,False,False,False,True,False,False,False,False,False,False,False,False,False,False,False,False,False,False,False,False,False,False,False,False,False,False,False,False,False,False,False,False,False,False,False,False,False,False,False,False,False,False,False,True,False,False,False,False,False,False,True
668,2024-06-16,4.0,0.0,0.0,0.0,0.0,1.0,0.0,0.0,0.0,16.0,14.4,12.4,1.7,0.0,0.0,0.0,0.0,0.0,0.0,46.36675852615597,14.33889440801975,False,False,False,False,False,False,False,False,False,False,False,False,False,True,False,False,False,False,False,False,False,False,False,False,False,False,False,False,False,False,False,False,False,False,False,False,False,False,False,False,False,False,False,False,False,False,False,False,False,False,False,False,False,True,False,False,False,False,False,False,True
669,2024-06-16,4.0,0.0,0.0,0.0,0.0,1.0,0.0,0.0,0.0,16.0,14.4,12.4,1.7,0.0,0.0,0.0,0.0,0.0,0.0,46.36675852615597,14.33889440801975,False,False,False,False,False,False,False,False,False,False,False,False,False,True,False,False,False,False,False,False,False,False,False,False,False,False,False,False,False,False,False,False,False,False,False,False,False,False,False,False,False,False,False,False,False,False,False,False,False,False,False,False,False,True,False,False,False,False,False,False,True
670,2024-10-13,1.0,3.0,0.0,0.0,0.0,0.0,1.0,0.0,0.0,6.7,4.6,6.1,0.7,0.0,1.1,0.0,0.0,0.0,1.0,46.3516582,14.3323181,False,False,False,False,False,False,False,False,False,False,False,False,False,True,False,False,False,False,False,False,False,False,False,False,False,False,False,False,False,False,False,False,False,False,False,False,False,False,False,False,False,False,False,False,False,False,False,False,False,True,False,False,False,False,True,False,False,False,False,False,False
671,2024-10-21,3.0,3.0,0.0,0.0,0.0,1.0,0.0,0.0,0.0,9.3,6.4,7.0,0.0,0.0,1.3,0.0,0.0,0.0,6.0,46.428416611066716,14.23724821921019,False,False,False,False,False,False,False,False,False,False,False,False,False,True,False,False,False,False,False,False,False,False,False,False,False,False,False,False,False,False,False,False,False,False,False,False,False,False,False,False,False,False,False,False,False,False,False,False,True,False,False,False,False,False,False,False,False,False,False,True,False
672,2024-10-21,3.0,3.0,0.0,0.0,0.0,1.0,0.0,0.0,0.0,9.3,6.4,7.0,0.0,0.0,1.3,0.0,0.0,0.0,6.0,46.428416611066716,14.23724821921019,False,False,False,False,False,False,False,False,False,False,False,False,False,True,False,False,False,False,False,False,False,False,False,False,False,False,False,False,False,False,False,False,False,False,False,False,False,False,False,False,False,False,False,False,False,False,False,False,True,False,False,False,False,False,False,False,False,False,False,True,False
673,2024-10-21,3.0,3.0,0.0,0.0,0.0,1.0,0.0,0.0,0.0,9.3,6.4,7.0,0.0,0.0,1.3,0.0,0.0,0.0,6.0,46.428416611066716,14.23724821921019,False,False,False,False,False,False,False,False,False,False,False,False,False,True,False,False,False,False,False,False,False,False,False,False,False,False,False,False,False,False,False,False,False,False,False,False,False,False,False,False,False,False,False,False,False,False,False,False,True,False,False,False,False,False,False,False,False,False,False,True,False
674,2024-10-21,3.0,2.0,0.0,0.0,0.0,1.0,0.0,0.0,0.0,9.3,6.4,7.0,0.0,0.0,1.3,0.0,0.0,0.0,6.0,46.428416611066716,14.23724821921019,False,False,False,False,False,False,False,False,False,False,False,False,False,True,False,False,False,False,False,False,False,False,False,False,False,False,False,False,False,False,False,False,False,False,False,False,False,False,False,False,False,False,False,False,False,False,False,False,True,False,False,False,False,False,True,False,False,False,False,False,False
675,2024-10-21,3.0,2.0,0.0,0.0,0.0,1.0,0.0,0.0,0.0,9.3,6.4,7.0,0.0,0.0,1.3,0.0,0.0,0.0,6.0,46.428416611066716,14.23724821921019,False,False,False,False,False,False,False,False,False,False,False,False,False,True,False,False,False,False,False,False,False,False,False,False,False,False,False,False,False,False,False,False,False,False,False,False,False,False,False,False,False,False,False,False,False,False,False,False,True,False,False,False,False,False,True,False,False,False,False,False,False
676,2024-10-21,3.0,2.0,0.0,0.0,0.0,1.0,0.0,0.0,0.0,9.3,6.4,7.0,0.0,0.0,1.3,0.0,0.0,0.0,6.0,46.428416611066716,14.23724821921019,False,False,False,False,False,False,False,False,False,False,False,False,False,True,False,False,False,False,False,False,False,False,False,False,False,False,False,False,False,False,False,False,False,False,False,False,False,False,False,False,False,False,False,False,False,False,False,False,True,False,False,False,False,False,True,False,False,False,False,False,False
677,2024-12-27,1.0,3.0,0.0,0.0,0.0,0.0,1.0,0.0,0.0,-2.1,-5.6,-5.5,0.0,0.0,0.0,0.0,0.0,0.0,0.0,46.3516582,14.3323181,False,False,False,False,False,False,False,False,False,False,False,False,False,True,False,False,False,False,False,False,False,False,False,False,False,False,False,False,False,False,False,False,False,False,False,False,False,False,False,False,False,False,False,False,False,False,False,False,False,True,False,False,False,False,False,False,False,False,False,False,True
